yearterm,subject,crse,sec,instructor_last,instructor_first,forms_requested,forms_returned,percentage_passed,course_overall,course_overall_SD,instructor_overall,instructor_overall_SD,total_hours,prior_interest,effectiveness,availability,challenge,amount_learned,respect,course_title,campus,college,instructor_group
20121,CSCI,1240,1,EISENBERG,MICHAEL,35,12,100%,5.2,0.9,5.4,1,4-6,4.3,5.3,5.2,4,4.8,5.8,COMPUTATIONAL WORLD,BD,EN,TTT
20121,CSCI,1300,100,DUPLYAKIN,DMITRY,259,131,99%,4.8,1.1,4.7,1.1,7-9,4.4,4.4,5,4.6,4.9,5.9,COMP SCI I: PROGRAMMING,BD,EN,TA
20121,CSCI,1300,102,WING,ROWAN,24,19,100%,4.9,0.9,5.7,0.5,4-6,4.1,5.3,5.8,4.8,5.2,6,COMP SCI I: PROGRAMMING,BD,EN,TA
20121,CSCI,1300,103,WING,ROWAN,24,13,100%,4.6,1,5.8,0.4,4-6,4.8,5.2,5.7,4.3,4.5,6,COMP SCI I: PROGRAMMING,BD,EN,TA
20121,CSCI,1300,104,BARRENECHEA,MARIO,25,16,94%,4.5,0.6,4.4,1,4-6,4.5,4.2,5.2,3.9,4.3,5.9,COMP SCI I: PROGRAMMING,BD,EN,TA
20121,CSCI,1300,105,BARRENECHEA,MARIO,24,12,100%,4.8,1.4,5.5,0.7,7-9,4.2,5.1,5.2,4.9,4.8,6,COMP SCI I: PROGRAMMING,BD,EN,TA
20121,CSCI,1300,106,BARRENECHEA,MARIO,25,14,93%,4.9,1,5.2,1.3,4-6,4.4,5,5.6,4.4,4.6,5.9,COMP SCI I: PROGRAMMING,BD,EN,TA
20121,CSCI,1300,107,WING,ROWAN,24,19,100%,4.6,1.1,5.4,1,7-9,4.2,4.8,5.4,4.8,5.2,5.8,COMP SCI I: PROGRAMMING,BD,EN,TA
20121,CSCI,1300,108,BASAWAPATNA,ASHOK,25,16,100%,5.4,0.6,5.8,0.4,7-9,3.4,5.4,5.6,5.1,5.8,6,COMP SCI I: PROGRAMMING,BD,EN,TA
20121,CSCI,1300,109,BASAWAPATNA,ASHOK,24,13,100%,5.4,0.7,5.5,0.7,7-9,4.5,5.2,5.2,5.1,5.3,5.9,COMP SCI I: PROGRAMMING,BD,EN,TA
20121,CSCI,1300,111,BASAWAPATNA,ASHOK,23,5,100%,5,1,5.4,0.9,7-9,5.2,4.8,4.8,4.4,4.8,5.2,COMP SCI I: PROGRAMMING,BD,EN,TA
20121,CSCI,1300,112,COLEMAN,DAVID,18,14,100%,4.4,1.5,5,1.3,7-9,4.5,4.1,4.5,4.6,4.5,5.6,COMP SCI I: PROGRAMMING,BD,EN,TA
20121,CSCI,1300,113,COLEMAN,DAVID,23,14,100%,4.5,1.3,4.8,1.3,7-9,4.8,4.4,4.4,4.9,4.6,5.6,COMP SCI I: PROGRAMMING,BD,EN,TA
20121,CSCI,2270,10,MISHRA,SHIVAKANT,148,64,100%,4,1.1,3.7,1.5,10-12,4.9,3.5,4.1,4.8,4.6,5.8,COMP SCI II: DATA STRUCT,BD,EN,TTT
20121,CSCI,2270,11,SULTAN,MD,22,10,100%,3.7,1.4,3.9,1.4,7-9,4.4,3.7,4.1,4.7,4.2,5.7,COMP SCI II: DATA STRUCT,BD,EN,TA
20121,CSCI,2270,12,SULTAN,MD,22,16,94%,4.1,1.2,4.7,1.5,10-12,4.9,4.1,4.6,4.1,4.2,5.9,COMP SCI II: DATA STRUCT,BD,EN,TA
20121,CSCI,2270,13,MAHDIAN,ALIREZA,21,10,90%,3.4,0.9,4.2,0.9,7-9,4.9,3.7,4.2,4.7,4.3,5.9,COMP SCI II: DATA STRUCT,BD,EN,TA
20121,CSCI,2270,14,MAHDIAN,ALIREZA,22,14,100%,4.4,0.9,4.2,1.5,10-12,4.8,3.8,4.6,4.9,5.1,5.5,COMP SCI II: DATA STRUCT,BD,EN,TA
20121,CSCI,2270,15,MAHDIAN,ALIREZA,23,11,100%,4.3,1.8,3.9,2,7-9,5.4,3.8,4.6,4.7,4.8,5.7,COMP SCI II: DATA STRUCT,BD,EN,TA
20121,CSCI,2270,16,MAHDIAN,ALIREZA,22,10,100%,4.1,1.4,4.2,1.8,7-9,4.9,3.7,5.2,4.9,4.3,5.7,COMP SCI II: DATA STRUCT,BD,EN,TA
20121,CSCI,2270,18,SULTAN,MD,16,7,100%,4.4,1.1,4.9,1.2,10-12,5.1,4.4,4.6,4.1,4.6,6,COMP SCI II: DATA STRUCT,BD,EN,TA
20121,CSCI,2824,1,SANKARANARAYANAN,SR,49,23,100%,5.2,0.7,5.8,0.5,7-9,4.2,5.5,5.7,4.7,5,5.9,DISCRETE STRUCTURES,BD,EN,TTT
20121,CSCI,3002,2,LEWIS,CLAYTON,61,53,98%,4.8,1.1,5.5,0.8,4-6,4.2,5,5.2,3.6,4.5,5.9,HUMAN-CENTERED COMPUTING,BD,EN,TTT
20121,CSCI,3104,10,EHRENFEUCHT,ANDRZEJ,81,54,100%,4.9,1,5,1,7-9,4.6,4.6,5.2,4.4,4.5,5.9,ALGORITHMS,BD,EN,TTT
20121,CSCI,3104,11,PETERSON,DANIEL,34,21,100%,5.2,1.1,5.4,1.3,7-9,4.3,5.1,5.4,4.5,4.7,5.8,ALGORITHMS,BD,EN,TA
20121,CSCI,3104,12,PETERSON,DANIEL,32,18,100%,4.8,0.9,5.6,0.6,7-9,4.8,4.7,5.4,4.5,4.5,5.9,ALGORITHMS,BD,EN,TA
20121,CSCI,3104,13,PETERSON,DANIEL,15,8,100%,4.9,1.1,5,1.4,7-9,5.1,4.9,5.3,5,5,5.9,ALGORITHMS,BD,EN,TA
20121,CSCI,3155,10,CHANG,BOR-YUH,103,65,100%,3.3,1.5,3.7,1.7,13-15,3.7,3.5,4.9,5.4,3.7,5.8,PRINCIP OF PROG LANGS,BD,EN,TTT
20121,CSCI,3155,12,CHAKAROV,ALEKSANDAR,27,9,100%,4,1.6,5.1,0.9,7-9,3.4,4.4,5.2,4.7,4.9,6,PRINCIP OF PROG LANGS,BD,EN,TA
20121,CSCI,3155,13,BENNETT,HUXLEY,27,9,100%,4.3,1.4,5.6,0.5,10-12,4.4,4.9,5.2,5.2,4.8,5.9,PRINCIP OF PROG LANGS,BD,EN,TA
20121,CSCI,3155,14,BLACKSHEAR,SAMUEL,27,9,100%,5,1.2,5.1,1.3,7-9,4.2,4.9,5.6,5.2,4.9,6,PRINCIP OF PROG LANGS,BD,EN,TA
20121,CSCI,3155,15,TSAI,YI-FAN,22,7,100%,2.6,1.7,3.4,1.8,10-12,4.1,3,4.3,5.3,2.9,5.9,PRINCIP OF PROG LANGS,BD,EN,TA
20121,CSCI,3434,1,GOLDBERG,DEBRA,25,15,100%,5,1.1,5.2,0.9,7-9,3.9,4.7,5.6,5,5.1,6,THEORY OF COMPUTATION,BD,EN,TTT
20121,CSCI,3656,1,JESSUP,ELIZABETH,45,30,100%,3.9,1,4.1,1.4,7-9,3.9,3.8,4.8,4.6,4.2,5.8,NUMERICAL COMP 1,BD,EN,TTT
20121,CSCI,3753,10,HAN,RICHARD,76,39,100%,5.4,0.9,5.6,0.7,10-12,4.5,5.2,5.4,5.1,5.3,6,OPERATING SYSTEMS,BD,EN,TTT
20121,CSCI,3753,11,SAYLER,ANDREW,26,12,100%,5.9,0.3,6,0,10-12,5.2,6,5.8,5.3,5.8,6,OPERATING SYSTEMS,BD,EN,TA
20121,CSCI,3753,12,SAYLER,ANDREW,27,19,100%,5.5,0.6,5.6,0.6,10-12,5.1,5.3,5.8,5.4,5.6,5.9,OPERATING SYSTEMS,BD,EN,TA
20121,CSCI,3753,13,AHN,JUNHO,23,4,100%,5.8,0.5,4,2.4,16+,4.5,2.5,3.8,5.5,4.8,5.5,OPERATING SYSTEMS,BD,EN,TA
20121,CSCI,4113,1,ELATOV,KARIM,85,43,100%,4.7,1.4,5,1.3,4-6,4.8,4.7,5.5,4,4.3,4.9,UNIX SYSTEM ADMIN,BD,EN,OTH
20121,CSCI,4123,11,SANTOS,JOSE,13,1,100%,2,,2,,16+,2,3,4,4,5,6,NETWORK LAB,BD,EN,OTH
20121,CSCI,4318,10,KESSEL,ANDREW,46,28,100%,4.1,1.1,4.1,1.3,10-12,4.5,3.5,4.6,4.4,4.4,5.8,SOFTWARE ENG PROJECT 2,BD,EN,OTH
20121,CSCI,4318,11,KANAKIA,ANSHUL,46,19,95%,3.8,1.2,4.6,1.5,10-12,4.5,3.9,4.6,4.2,4.3,5.6,SOFTWARE ENG PROJECT 2,BD,EN,TA
20121,CSCI,4318,11,DI NATALE,FRANCESCO,46,19,100%,4.6,1.1,4.9,1.2,10-12,4.9,4.7,4.9,4.7,4.7,5.7,SOFTWARE ENG PROJECT 2,BD,EN,TA
20121,CSCI,4446,1,BRADLEY,ELIZABETH,29,27,96%,5.6,0.6,5.7,0.6,7-9,4.7,5.6,5.4,5.2,5.4,6,CHAOTIC DYNAMICS,BD,EN,TTT
20121,CSCI,4576,10,HAUSER,THOMAS,24,17,100%,4.5,1.2,4.5,1.3,10-12,4.8,4.5,4.8,5.1,4.9,5.8,HIGH-PERFORMANCE SCI COM,BD,EN,OTH
20121,CSCI,4576,11,LUNACEK,MONTE,24,17,100%,4.9,1.1,5.4,0.7,10-12,4.7,5.4,5.4,5.1,5.2,5.8,HIGH-PERFORMANCE SCI COM,BD,EN,OTH
20121,CSCI,4753,2,GRUNWALD,DIRK,31,18,100%,4.5,1.1,5,1.3,7-9,3.8,4.4,4.3,4.6,4.5,5.9,COMP PERFORM MODELING,BD,EN,TTT
20121,CSCI,4810,2,GOLDBERG,DEBRA,3,2,100%,6,0,6,0,0-3,4.5,5,6,4.5,5,6,SEM:  COMPUTATIONAL BIOL,BD,EN,TTT
20121,CSCI,4830,1,KING,ROGER,12,7,100%,5.1,0.7,5.4,0.5,7-9,5.4,5.1,5.7,4.4,5.1,5.9,SPEC TPCS IN COMPUTER SC,BD,EN,TTT
20121,CSCI,4830,2,SCHREUDER,WILLEM,23,15,100%,5.7,0.8,5.7,0.8,10-12,5.9,5.9,5.5,5.3,5.3,5.9,SPEC TPCS IN COMPUTER SC,BD,EN,OTH
20121,CSCI,4830,3,LV,QIN,32,20,100%,4.8,1,5,1,10-12,4.8,4.9,5.4,4.6,4.6,5.9,SPEC TPCS IN COMPUTER SC,BD,EN,TTT
20121,CSCI,4830,4,CORRELL,NIKOLAUS,14,6,100%,4.8,0.8,5.2,0.8,7-9,4.5,5.3,5.3,5.2,4.7,6,SPEC TPCS IN COMPUTER SC,BD,EN,TTT
20121,CSCI,4830,11,EISENBERG,MICHAEL,13,11,100%,5.8,0.4,6,0,10-12,5,5.7,6,4.8,5.1,6,SPEC TPCS IN COMPUTER SC,BD,EN,TTT
20121,CSCI,4830,13,REPENNING,ALEX,20,15,100%,4.4,1,4.6,1.3,7-9,4.9,4.4,4.4,3.7,4.3,5.9,SPEC TPCS IN COMPUTER SC,BD,EN,OTH
20121,CSCI,4830,801,SMITH,JOHN,6,5,100%,5.6,0.9,6,0,4-6,6,5.8,5.6,5.4,5.4,6,SPEC TPCS IN COMPUTER SC,BD,EN,OTH
20121,CSCI,5454,1,CLAUSET,AARON,38,37,100%,4.9,0.7,4.9,0.9,13-15,5.2,4.9,4.9,5.5,4.8,5.8,DESIGN ANLYS OF ALGOS,BD,EN,TTT
20121,CSCI,5636,2,CAI,XIAO,6,3,100%,6,0,6,0,7-9,5.7,6,6,6,6,6,NUM SOL PART DIF EQUAT,BD,EN,TTT
20121,CSCI,5673,2,MISHRA,SHIVAKANT,23,20,100%,4.3,1.5,4.5,1.5,10-12,4.8,4.3,4.7,4.6,4.4,5.8,DISTRIBUTED SYSTEMS,BD,EN,TTT
20121,CSCI,5817,1,KING,ROGER,19,14,100%,3.9,1.6,4,1.5,4-6,4.1,4.1,5,3.3,3.6,6,DATABASE SYSTEMS,BD,EN,TTT
20121,CSCI,5828,1,ANDERSON,KENNETH,37,29,100%,5.1,1.1,5.5,0.9,7-9,5.3,5.5,5.8,4.7,5,5.9,FOUNDATIONS/SFTWARE ENGR,BD,EN,TTT
20121,CSCI,5919,1,PALEN,LEYSIA,17,15,100%,5.6,0.5,5.8,0.4,10-12,4.7,5.7,5.5,5.1,5.7,5.9,HUMAN-COMPUTER INTERACTI,BD,EN,TTT
20121,CSCI,6402,1,KIM,ALBERT,35,29,100%,5.2,0.8,5.3,0.8,4-6,4.9,5,4.8,4.3,4.7,5.9,METHODS IN COGNITIVE SCI,BD,EN,TTT
20121,CSCI,6402,1,EISENBERG,MICHAEL,35,29,100%,5.1,0.9,5.6,0.6,4-6,4.9,5.6,4.9,4.3,4.9,5.9,METHODS IN COGNITIVE SCI,BD,EN,TTT
20121,CSCI,7000,7,SIEK,KATIE,6,6,100%,5.8,0.4,5.8,0.4,10-12,5.2,5.8,5.8,5.8,5.8,6,CURRENT TPCS IN COMPUTER,BD,EN,TTT
20121,CSCI,7000,15,PALEN,LEYSIA,7,7,100%,5.3,0.8,5.7,0.5,7-9,5.7,5.6,5.4,4.8,5,6,CURRENT TPCS IN COMPUTER,BD,EN,TTT
20121,CSCI,7412,1,MOZER,MICHAEL,2,1,100%,4,,6,,4-6,4,6,6,4,6,6,COG SCI RSRCH PRAC 1,BD,EN,TTT
20121,CSCI,7422,1,MOZER,MICHAEL,7,5,100%,5.2,0.4,5.6,0.9,7-9,5.6,5.6,5.8,4.6,4.6,5.4,COG SCI RSRCH PRAC 2,BD,EN,TTT
20121,CSCI,7772,1,MOZER,MICHAEL,18,13,100%,4.8,1,5.2,1.2,4-6,5.2,4.8,5.1,4.4,4.7,5.5,TPCS-COGNITIVE SCIENCE,BD,EN,TTT
20117,CSCI,1000,1,LEWIS,CLAYTON,96,57,98%,3.9,1.5,4.9,1.2,0-3,4.5,4.3,4.7,2.4,3.3,5.8,CS AS FIELD OF WK & STDY,BD,EN,TTT
20117,CSCI,1300,10,MAIN,MICHAEL,52,32,100%,5.4,1,5.6,1.1,7-9,5.1,5.5,5.4,5,5.2,5.9,COMP SCI I: PROGRAMMING,BD,EN,TTT
20117,CSCI,1300,200,MAIN,MICHAEL,206,99,100%,5.1,1.1,5.6,0.8,7-9,4.7,5.3,5.5,4.7,4.9,5.9,COMP SCI I: PROGRAMMING,BD,EN,TTT
20117,CSCI,1300,301,COLEMAN,DAVID,24,8,100%,5,0.9,5.4,0.5,7-9,4.5,4.9,5.1,4.8,5,5.8,COMP SCI I: PROGRAMMING,BD,EN,TA
20117,CSCI,1300,303,COLEMAN,DAVID,22,7,100%,5.3,0.8,5,1,7-9,4.1,4.7,5,5,5,5.6,COMP SCI I: PROGRAMMING,BD,EN,TA
20117,CSCI,1300,304,COLEMAN,DAVID,25,3,100%,5,0,5.3,0.6,10-12,4.3,5,6,4.7,6,6,COMP SCI I: PROGRAMMING,BD,EN,TA
20117,CSCI,1300,305,AHN,JUNHO,25,3,100%,5.7,0.6,4.3,0.6,7-9,5.3,3.7,5,5,5.7,6,COMP SCI I: PROGRAMMING,BD,EN,TA
20117,CSCI,1300,306,AHN,JUNHO,25,4,100%,4,2.2,4,2.2,10-12,5,4,5,4.5,3.8,5.5,COMP SCI I: PROGRAMMING,BD,EN,TA
20117,CSCI,1300,307,AHN,JUNHO,25,4,100%,5.5,0.6,5.5,1,7-9,5,5,5.3,4.8,5,6,COMP SCI I: PROGRAMMING,BD,EN,TA
20117,CSCI,1300,321,DUPLYAKIN,DMITRY,25,3,100%,5,1,6,0,0-3,4,4.7,5.3,4,4.7,6,COMP SCI I: PROGRAMMING,BD,EN,TA
20117,CSCI,1300,322,DUPLYAKIN,DMITRY,25,9,100%,5.2,0.8,5.9,0.3,4-6,5.4,5.6,5.6,4.4,4.6,6,COMP SCI I: PROGRAMMING,BD,EN,TA
20117,CSCI,1300,323,DUPLYAKIN,DMITRY,25,11,100%,5.3,0.8,5.4,0.8,7-9,5,5.3,5.4,4.5,5.5,5.7,COMP SCI I: PROGRAMMING,BD,EN,TA
20117,CSCI,1300,324,COLEMAN,DAVID,14,3,100%,2,1,3.7,2.5,10-12,4,3.3,4,3.7,3,4.3,COMP SCI I: PROGRAMMING,BD,EN,TA
20117,CSCI,1300,325,AHN,JUNHO,23,2,100%,5,1.4,5,1.4,13-15,5.5,5.5,4,4.5,4.5,6,COMP SCI I: PROGRAMMING,BD,EN,TA
20117,CSCI,2270,100,WHITE,ELIZABETH,102,64,100%,4.3,1.2,4.6,1.5,10-12,4.9,4.5,5.2,4.8,4.7,5.7,COMP SCI II: DATA STRUCT,BD,EN,OTH
20117,CSCI,2270,301,MAHDIAN,ALIREZA,21,9,100%,5,0.5,4.9,1.2,7-9,4.8,4.1,5.2,5,4.9,5.9,COMP SCI II: DATA STRUCT,BD,EN,TA
20117,CSCI,2270,302,MAHDIAN,ALIREZA,20,7,100%,4.9,1.1,4,1.5,7-9,4.9,3.4,4.4,4.9,5,5.9,COMP SCI II: DATA STRUCT,BD,EN,TA
20117,CSCI,2270,303,SULTAN,MD,21,14,100%,4.6,1.2,4.6,1.3,10-12,4.4,3.9,4.8,4.9,4.2,6,COMP SCI II: DATA STRUCT,BD,EN,TA
20117,CSCI,2270,304,SULTAN,MD,13,11,100%,4.4,1.1,5.2,0.8,10-12,4.4,4.1,4.8,4.6,4.6,6,COMP SCI II: DATA STRUCT,BD,EN,TA
20117,CSCI,2270,305,SULTAN,MD,17,6,100%,3.3,1.8,4,1.4,7-9,5.2,3.2,4.2,5,4,5.3,COMP SCI II: DATA STRUCT,BD,EN,TA
20117,CSCI,2270,306,MAHDIAN,ALIREZA,7,2,100%,5,0,5,0,7-9,4.5,4.5,5,5,5.5,6,COMP SCI II: DATA STRUCT,BD,EN,TA
20117,CSCI,2400,10,GRUNWALD,DIRK,137,75,100%,4.7,1.3,5.1,1.2,10-12,4.3,4.9,4.7,5.5,5.2,5.9,COMPUTER SYSTEMS,BD,EN,TTT
20117,CSCI,2400,11,SAYLER,ANDREW,17,9,100%,4.6,1.6,4.9,0.9,10-12,4.1,4.7,4.9,5.4,5.2,5.8,COMPUTER SYSTEMS,BD,EN,TA
20117,CSCI,2400,12,SAYLER,ANDREW,20,12,100%,4.7,1.2,5.1,1,7-9,4.7,4.5,4.8,5.4,5.2,5.9,COMPUTER SYSTEMS,BD,EN,TA
20117,CSCI,2400,13,SAYLER,ANDREW,20,13,100%,4.7,1.3,4.6,0.9,10-12,4.6,4.1,4.8,5.4,5,5.8,COMPUTER SYSTEMS,BD,EN,TA
20117,CSCI,2400,14,PETERSON,DANIEL,19,12,100%,4.9,1,5,0.9,7-9,4.7,4.6,5,5.2,5.2,5.9,COMPUTER SYSTEMS,BD,EN,TA
20117,CSCI,2400,15,PETERSON,DANIEL,20,5,100%,4.8,2.2,5.8,0.4,7-9,4.6,5.2,6,5.2,4.8,6,COMPUTER SYSTEMS,BD,EN,TA
20117,CSCI,2400,16,PETERSON,DANIEL,21,9,100%,4.6,1.2,4.8,1.4,7-9,3.3,4.6,4,5.2,4.6,5.8,COMPUTER SYSTEMS,BD,EN,TA
20117,CSCI,2400,18,SAYLER,ANDREW,20,12,100%,4.7,1.2,5.2,0.7,10-12,4.8,4.8,4.8,5.3,4.8,5.7,COMPUTER SYSTEMS,BD,EN,TA
20117,CSCI,2824,1,EISENBERG,MICHAEL,73,49,100%,4.5,1.2,5.1,0.9,4-6,3.7,5,4.5,4.4,4.2,5.9,DISCRETE STRUCTURES,BD,EN,TTT
20117,CSCI,2830,2,JESSUP,ELIZABETH,39,23,100%,3.7,1.1,4,1.3,7-9,3.3,3.5,5,4.8,4.2,5.8,SPECIAL TOPICS,BD,EN,TTT
20117,CSCI,3104,10,LV,QIN,50,21,100%,4.1,1,4.4,1.1,4-6,4,3.9,5.1,4.2,4.4,5.9,ALGORITHMS,BD,EN,TTT
20117,CSCI,3104,11,GU,HANSU,12,6,100%,3.5,0.8,4,1.2,4-6,4.5,3,4.8,3.5,3.8,6,ALGORITHMS,BD,EN,TA
20117,CSCI,3104,12,GU,HANSU,14,7,100%,3.1,1.9,2.7,1.9,4-6,4,2.1,2.9,3.9,3.1,5.4,ALGORITHMS,BD,EN,TA
20117,CSCI,3104,13,GU,HANSU,24,10,100%,3.1,1.4,2.8,1.5,4-6,4,2.1,3.9,3.1,3.4,5.9,ALGORITHMS,BD,EN,TA
20117,CSCI,3287,1,KING,ROGER,40,29,97%,3.5,1.5,3.6,1.5,4-6,4,3.5,5,4,3.5,5.8,DATABASES INFO SYSTEMS,BD,EN,TTT
20117,CSCI,3302,10,CORRELL,NIKOLAUS,35,24,100%,4.3,1,4.7,0.7,7-9,4.8,4.6,5,4.9,4.4,5.8,INTRODUCTION TO ROBOTICS,BD,EN,TTT
20117,CSCI,3302,11,WING,ROWAN,15,11,82%,4.7,0.9,5.2,0.4,7-9,4.7,5,5.2,4.5,4.9,5.7,INTRODUCTION TO ROBOTICS,BD,EN,TA
20117,CSCI,3302,12,WING,ROWAN,20,20,100%,4.8,1.1,5.5,0.8,7-9,4.5,5.1,5.3,4.8,4.7,5.9,INTRODUCTION TO ROBOTICS,BD,EN,TA
20117,CSCI,3308,10,WHITE,ELIZABETH,62,37,95%,4.5,1.4,4.9,1.5,7-9,4.7,4.7,5.5,4.4,4.5,6,SOFTWARE ENG METHODS AND,BD,EN,OTH
20117,CSCI,3308,11,BARRENECHEA,MARIO,17,5,100%,4.8,1.1,5.4,0.9,4-6,5.2,5.2,5,4,4.8,6,SOFTWARE ENG METHODS AND,BD,EN,TA
20117,CSCI,3308,12,BARRENECHEA,MARIO,20,10,100%,4.8,0.4,5.6,0.5,4-6,5,5.1,5.3,4.1,4.7,6,SOFTWARE ENG METHODS AND,BD,EN,TA
20117,CSCI,3308,13,BASAWAPATNA,ASHOK,20,10,100%,4.2,0.8,5.3,0.9,4-6,3.9,4.9,5.2,3.5,3.8,6,SOFTWARE ENG METHODS AND,BD,EN,TA
20117,CSCI,3308,14,BASAWAPATNA,ASHOK,5,4,100%,5.3,0.5,5.8,0.5,4-6,4.5,5.3,5.8,5,4.8,6,SOFTWARE ENG METHODS AND,BD,EN,TA
20117,CSCI,4229,1,SCHREUDER,WILLEM,85,49,100%,5,1.2,5.4,0.9,7-9,4.8,5.1,4.7,4.6,4.8,5.9,COMPUTER GRAPHICS,BD,EN,OTH
20117,CSCI,4273,1,MISHRA,SHIVAKANT,46,26,96%,4.7,1.2,4.5,1.5,10-12,5.2,4.4,4.7,5,5,6,NETWORK SYSTEMS,BD,EN,TTT
20117,CSCI,4308,10,KESSEL,ANDREW,47,29,100%,4.2,1.3,4.8,1.2,7-9,4.6,4.2,5.1,3.9,3.9,5.8,SOFTWARE ENGINEERING PRO,BD,EN,TA
20117,CSCI,4308,11,DI NATALE,FRANCESCO,47,19,100%,4.3,1.4,4.7,1.4,7-9,4.9,4.1,4.9,4.1,4.1,5.9,SOFTWARE ENGINEERING PRO,BD,EN,TA
20117,CSCI,4308,11,KANAKIA,ANSHUL,47,20,100%,4.1,1.3,4.6,1.5,7-9,4.7,4.1,4.6,3.7,3.8,5.8,SOFTWARE ENGINEERING PRO,BD,EN,TA
20117,CSCI,4314,1,GOLDBERG,DEBRA,13,13,100%,3.8,0.9,3.8,1.1,4-6,4.2,3.4,5.1,4.7,3.9,5.8,ALGORITHMS: MOLECULARBIO,BD,EN,TTT
20117,CSCI,4448,1,ANDERSON,KENNETH,85,32,100%,5.2,0.6,5.5,0.7,7-9,4.6,5.3,5.3,4.7,5,5.9,OBJECT-ORIENTED ANLYSIS/,BD,EN,TTT
20117,CSCI,4555,1,CHANG,BOR-YUH,37,26,100%,4.2,1.7,4.7,1.6,16+,4.8,4.6,5.2,5.4,4.7,5.6,COMPILER CONSTRUCTION,BD,EN,TTT
20117,CSCI,4809,1,KING,ROGER,32,18,100%,5.2,0.9,5.7,0.5,7-9,5.6,5.2,5.7,4.9,5.4,6,COMPUTER ANIMATION,BD,EN,TTT
20117,CSCI,4830,1,CLAUSET,AARON,10,10,100%,5.4,0.7,5.6,0.7,10-12,5,5.7,5.8,5.3,5.4,5.9,SPEC TPCS IN COMPUTER SC,BD,EN,TTT
20117,CSCI,4839,1,PALEN,LEYSIA,37,34,100%,4.5,1.2,4.8,1.4,7-9,4.2,4.6,5.1,4.3,4.4,5.5,USER-CENTERED DESIGN,BD,EN,TTT
20117,CSCI,5417,1,MARTIN,JAMES,35,24,100%,5.5,0.6,5.7,0.5,7-9,4.5,5.5,4.6,5,5.5,6,INFORMATION RETRIEVAL SY,BD,EN,TTT
20117,CSCI,5444,1,EHRENFEUCHT,ANDRZEJ,21,18,100%,4.9,1,5.4,0.6,4-6,4.2,5.3,5.2,4.3,4.4,5.9,INTRO TO THEORY OF COMP,BD,EN,TTT
20117,CSCI,5573,1,HAN,RICHARD,27,27,93%,4.2,1.2,4.7,1,7-9,4.9,4.3,4.8,4.6,4.3,5.7,ADVANCED OPERATING SYSTE,BD,EN,TTT
20117,CSCI,5606,1,CAI,XIAO,8,7,100%,5.4,0.5,5.6,0.8,7-9,4.7,5.6,5.1,5.1,5.1,5.9,PRIN OF NUM COMPUTATION,BD,EN,TTT
20117,CSCI,5654,1,SANKARANARAYANAN,SR,19,17,100%,5.2,1,5.6,1,7-9,3.8,5.2,5.8,4.6,4.8,6,LINEAR PROGRAM,BD,EN,TTT
20117,CSCI,6000,1,BRADLEY,ELIZABETH,16,14,100%,5.3,0.6,5.8,0.4,0-3,4.5,5.6,5.8,3.3,4.3,5.9,INTRO CSCI PHD PROGRAM,BD,EN,TTT
20117,CSCI,6302,1,PELLOM,BRYAN,18,14,100%,4.6,1.5,4.6,1.3,10-12,4.6,4.4,4.6,5.3,4.6,5.8,SPEECH RECOGNITION,BD,EN,OTH
20117,CSCI,7000,2,REISHUS,DUSTIN,10,8,100%,5.1,0.6,5.8,0.5,7-9,5.1,5.5,5.6,4.6,5.1,5.8,CURRENT TPCS IN COMPUTER,BD,EN,OTH
20117,CSCI,7143,1,HAN,RICHARD,5,5,100%,5.2,0.8,5.2,0.8,7-9,5,5.2,5.6,5,4.8,6,TPCS-COMPUTER SYSTEMS,BD,EN,TTT
20117,CSCI,7412,1,MOZER,MICHAEL,10,7,100%,5.1,0.7,5.1,0.4,7-9,5.1,4.7,5.1,4.9,5,5.6,COG SCI RSRCH PRAC 1,BD,EN,TTT
20117,CSCI,7422,1,MOZER,MICHAEL,2,1,100%,5,,6,,4-6,6,6,6,4,4,6,COG SCI RSRCH PRAC 2,BD,EN,TTT
20117,CSCI,7772,1,MOZER,MICHAEL,24,4,100%,5.3,0.5,5.5,0.6,7-9,5,5.8,5.3,4.5,5.3,5.7,TPCS-COGNITIVE SCIENCE,BD,EN,TTT
20114,CSCI,1240,200,EISENBERG,MICHAEL,17,6,100%,3.7,1.8,5,1.3,4-6,3.3,4.2,5,3.7,3.3,6,COMPUTATIONAL WORLD,BD,EN,TTT
20114,CSCI,1300,100,LAMARCHE,JEFFREY,40,32,100%,4.8,1,4.9,1,16+,4.9,4.5,5.3,5.1,5.2,6,COMP SCI I: PROGRAMMING,BD,EN,TA
20114,CSCI,2270,200,LAMARCHE,JEFFREY,56,38,100%,4.3,1.1,4.5,1.1,16+,5.1,4.1,5.3,4.9,4.9,6,COMP SCI II: DATA STRUCT,BD,EN,OTH
20114,CSCI,4229,100,SCHREUDER,WILLEM,31,23,100%,5.3,1.1,5.5,0.8,13-15,4.7,5.2,5.4,5,5.3,5.7,COMPUTER GRAPHICS,BD,EN,OTH
20114,CSCI,4809,100,KING,ROGER,30,17,100%,4.9,0.8,4.9,0.8,10-12,5.1,4.9,5.7,4.5,5.1,5.9,COMPUTER ANIMATION,BD,EN,TTT
20114,CSCI,4830,200,MCCRICKARD,SCOTT,16,14,100%,4,1.4,4.3,1.3,16+,5.3,4.3,4.6,4.8,4.6,5.8,SPEC TPCS IN COMPUTER SC,BD,EN,OTH
20111,CSCI,1240,1,EISENBERG,MICHAEL,33,26,100%,4.8,1.3,5.4,0.9,4-6,4.3,5,5,4.1,4.3,5.9,COMPUTATIONAL WORLD,BD,EN,TTT
20111,CSCI,1300,100,MAIN,MICHAEL,203,127,100%,5,1.2,5.5,0.9,7-9,4.4,5.3,5.4,4.7,5.1,5.9,COMP SCI I: PROGRAMMING,BD,EN,TTT
20111,CSCI,1300,102,BROWN,ALLISON,24,14,100%,5.1,0.8,5.5,0.7,7-9,5,5.3,5.6,4.9,5.3,6,COMP SCI I: PROGRAMMING,BD,EN,TA
20111,CSCI,1300,103,BROWN,ALLISON,25,15,100%,5.1,0.6,5.7,0.6,10-12,4.5,4.9,5.8,4.7,5.5,6,COMP SCI I: PROGRAMMING,BD,EN,TA
20111,CSCI,1300,104,HARIDAS MARUTHUR,SR,26,13,100%,4.5,0.7,4.2,1.3,7-9,4.3,3.9,4.6,4.4,4.8,5.8,COMP SCI I: PROGRAMMING,BD,EN,TA
20111,CSCI,1300,105,AHN,JUNHO,25,11,100%,4.3,1.1,4.3,1,7-9,4.3,4.2,4.6,4.8,4.9,5.8,COMP SCI I: PROGRAMMING,BD,EN,TA
20111,CSCI,1300,106,AHN,JUNHO,20,7,100%,4.4,1.3,4.4,1,7-9,4,3.6,4.7,4.6,5,5.9,COMP SCI I: PROGRAMMING,BD,EN,TA
20111,CSCI,1300,107,SHEN,ALAN,21,5,100%,4,1.9,4,1.4,4-6,4,3.6,4.2,4.2,4,5.2,COMP SCI I: PROGRAMMING,BD,EN,TA
20111,CSCI,1300,108,DIETRICH,CHARLES,21,6,100%,4.8,0.8,4.7,1,4-6,4.2,3.7,4.7,5,5.2,5.7,COMP SCI I: PROGRAMMING,BD,EN,TA
20111,CSCI,1300,109,DIETRICH,CHARLES,22,9,100%,5,1,5.1,1.1,7-9,4.7,4.4,5.2,4.6,5,5.8,COMP SCI I: PROGRAMMING,BD,EN,TA
20111,CSCI,1300,110,DIETRICH,CHARLES,19,3,100%,4.7,0.6,6,0,4-6,4.3,2.7,5.3,4.3,4.3,6,COMP SCI I: PROGRAMMING,BD,EN,TA
20111,CSCI,2270,10,MISHRA,SHIVAKANT,96,58,100%,3.4,1.3,3.1,1.4,10-12,4.7,2.8,3.7,4.9,4.1,5.7,COMP SCI II: DATA STRUCT,BD,EN,TTT
20111,CSCI,2270,11,BEACH,AARON,20,16,100%,4.7,0.9,5.1,0.9,7-9,4.8,5,5,5.2,4.9,5.9,COMP SCI II: DATA STRUCT,BD,EN,TA
20111,CSCI,2270,12,GONZALES,HAROLD,18,14,100%,3.7,0.9,4.3,1,7-9,4,3.7,4.1,4.6,4.1,5.8,COMP SCI II: DATA STRUCT,BD,EN,TA
20111,CSCI,2270,13,GONZALES,HAROLD,19,14,100%,4.1,0.9,4.9,0.8,7-9,4.6,4.5,4.2,5.2,4.5,5.9,COMP SCI II: DATA STRUCT,BD,EN,TA
20111,CSCI,2270,14,BEACH,AARON,20,16,100%,4.1,1.2,4.8,0.8,7-9,4.5,4.6,4.4,4.8,4.4,5.8,COMP SCI II: DATA STRUCT,BD,EN,TA
20111,CSCI,2270,15,GONZALES,HAROLD,19,16,100%,4.1,1.2,4.5,1.3,7-9,5,4,4.7,5.1,4.5,5.8,COMP SCI II: DATA STRUCT,BD,EN,TA
20111,CSCI,2824,1,SANKARANARAYANAN,SR,53,27,100%,5.2,0.8,5.6,0.7,4-6,3.6,5.3,5.7,4.4,4.9,5.9,DISCRETE STRUCTURES,BD,EN,TTT
20111,CSCI,3104,20,BLACK,JOHN,89,61,100%,5.1,0.9,5.7,0.6,7-9,4.4,5.3,5,5.5,5.3,5.9,ALGORITHMS,BD,EN,TTT
20111,CSCI,3104,21,MAHDIAN,ALIREZA,33,19,100%,4.6,1.2,3.8,1.5,7-9,4.5,3.5,4.3,5.5,4.7,5.2,ALGORITHMS,BD,EN,TA
20111,CSCI,3104,22,MAHDIAN,ALIREZA,28,10,100%,4.2,1.5,3.8,1.6,4-6,4.5,3.6,4,5.1,4.1,5.6,ALGORITHMS,BD,EN,TA
20111,CSCI,3104,23,MAHDIAN,ALIREZA,28,17,100%,4.7,1.4,4.2,1.6,7-9,4.9,3.6,4.9,5.1,4.8,6,ALGORITHMS,BD,EN,TA
20111,CSCI,3155,810,MAIN,MICHAEL,47,32,100%,4.8,1.1,5.6,1.1,10-12,4.4,5.3,5.7,5,5,5.9,PRINCIP OF PROG LANGS,BD,EN,TTT
20111,CSCI,3155,811,DUPLYAKIN,DMITRY,29,20,100%,5,0.9,5.6,0.7,10-12,4.4,5.3,5.6,5.3,5.2,5.9,PRINCIP OF PROG LANGS,BD,EN,TA
20111,CSCI,3155,812,DUPLYAKIN,DMITRY,15,12,100%,4.6,1,5.4,1,7-9,3.8,5.1,5.3,4.9,4.9,5.8,PRINCIP OF PROG LANGS,BD,EN,TA
20111,CSCI,3155,813,DUPLYAKIN,DMITRY,17,11,100%,5.2,1,5.4,1.4,10-12,4.5,5.2,5.6,4.5,4.8,5.9,PRINCIP OF PROG LANGS,BD,EN,TA
20111,CSCI,3155,820,MAIN,MICHAEL,41,24,100%,5.5,0.6,5.8,0.5,10-12,4.8,5.6,5.7,5.3,5.6,6,PRINCIP OF PROG LANGS,BD,EN,TTT
20111,CSCI,3155,822,DUPLYAKIN,DMITRY,14,8,100%,5.5,0.8,5.8,0.7,10-12,4.8,5.4,5.4,5.1,5.4,6,PRINCIP OF PROG LANGS,BD,EN,TA
20111,CSCI,3155,823,DUPLYAKIN,DMITRY,13,0,,,,,,,,,,,,,PRINCIP OF PROG LANGS,BD,EN,TA
20111,CSCI,3434,1,GOLDBERG,DEBRA,12,9,100%,5.1,1.3,5.2,0.8,4-6,4.2,4.6,5.9,4.6,4.8,6,THEORY OF COMPUTATION,BD,EN,TTT
20111,CSCI,3656,1,BYRD,RICHARD,29,21,100%,4,1.2,4.2,1.2,4-6,3.8,3.7,5.1,4.1,4.1,5.8,NUMERICAL COMP 1,BD,EN,TTT
20111,CSCI,3753,10,HAN,RICHARD,66,45,100%,4.6,1.1,4.9,1.2,10-12,4.2,4.3,4.8,5,4.8,5.9,OPERATING SYSTEMS,BD,EN,TTT
20111,CSCI,3753,11,MERRITT,SEARS,23,11,100%,4.8,0.9,5.6,0.5,7-9,4.4,4.9,5.3,5,4.7,5.9,OPERATING SYSTEMS,BD,EN,TA
20111,CSCI,3753,12,CHEN,WEI-TE,20,12,100%,3.5,1.5,3.7,1.6,10-12,3.6,3.3,4.3,4.8,4.3,5.9,OPERATING SYSTEMS,BD,EN,TA
20111,CSCI,3753,13,MERRITT,SEARS,23,13,100%,5,1,5.4,0.8,7-9,4.8,5.1,5.3,5.3,5.4,6,OPERATING SYSTEMS,BD,EN,TA
20111,CSCI,4113,1,ELATOV,KARIM,75,48,100%,4.5,1.2,4.6,1.2,4-6,4.5,4.5,5.2,3.9,4.4,4.9,UNIX SYSTEM ADMIN,BD,EN,OTH
20111,CSCI,4123,10,SANTOS,JOSE,16,12,100%,5.8,0.5,5.4,0.5,13-15,5.3,5.4,5.2,5.8,5.8,6,NETWORK LAB,BD,EN,OTH
20111,CSCI,4133,10,MACKEY,DAVID,15,0,,,,,,,,,,,,,SECURITY LAB,BD,EN,OTH
20111,CSCI,4143,1,RYAN,PATRICK,52,9,100%,4.7,1.1,4.4,1.1,4-6,3.8,4.7,4.7,4.4,4.8,5.4,PRINCPLES OF TELECOMM PO,BD,EN,OTH
20111,CSCI,4312,1,SIEK,KATIE,16,14,100%,4.6,0.9,5.1,0.9,7-9,4.4,5,5.4,3.9,4.5,5.9,HEALTH INFORMATICS,BD,EN,TTT
20111,CSCI,4318,10,SANDERS,BRUCE,40,38,100%,4.9,1,5.4,0.8,13-15,4.9,4.9,5.8,5.3,5.3,5.9,SOFTWARE ENG PROJECT 2,BD,EN,OTH
20111,CSCI,4318,11,KESSEL,ANDREW,40,34,100%,5.1,0.9,5.5,0.7,13-15,5.1,5.1,5.7,5.1,5.2,5.9,SOFTWARE ENG PROJECT 2,BD,EN,TA
20111,CSCI,4446,1,BRADLEY,ELIZABETH,24,22,100%,5.5,0.6,5.9,0.4,7-9,4,5.7,5.4,5,5.2,6,CHAOTIC DYNAMICS,BD,EN,TTT
20111,CSCI,4448,1,ANDERSON,KENNETH,94,56,100%,4.7,1.2,5,1,7-9,4.7,4.8,5.1,4.3,4.4,5.8,OBJECT-ORIENTED ANLYSIS/,BD,EN,TTT
20111,CSCI,4576,10,JESSUP,ELIZABETH,19,14,100%,4.6,1.1,5,0.8,10-12,4.8,4.6,5.2,4.6,4.7,5.9,HIGH-PERFORMANCE SCI COM,BD,EN,TTT
20111,CSCI,4576,11,WOITASZEK,MATTHEW,19,16,100%,4.8,1.1,5.4,0.7,10-12,4.4,4.9,5.7,4.7,4.6,6,HIGH-PERFORMANCE SCI COM,BD,EN,OTH
20111,CSCI,4753,2,GRUNWALD,DIRK,23,14,100%,4.4,1.3,4.9,1.3,7-9,3.9,4.7,4.1,4.7,4.6,6,COMP PERFORM MODELING,BD,EN,TTT
20111,CSCI,4810,1,SIEK,KATIE,7,3,100%,4.7,0.6,5.7,0.6,0-3,4.7,5,5.3,3,4.3,6,SEMINAR IN CB & HI,BD,EN,TTT
20111,CSCI,4830,1,CORRELL,NIKOLAUS,10,9,100%,5.3,0.5,5.7,0.5,7-9,5.2,5.8,5.9,5,5,6,SPEC TPCS IN COMPUTER SC,BD,EN,TTT
20111,CSCI,4830,2,KING,ROGER,9,4,100%,5.8,0.5,5.8,0.5,10-12,6,5.8,5.3,4.5,5.8,6,SPEC TPCS IN COMPUTER SC,BD,EN,TTT
20111,CSCI,4830,3,LV,QIN,19,16,100%,4.6,1,4.9,1.1,7-9,4.9,4.6,5.3,4.7,4.6,5.7,SPEC TPCS IN COMPUTER SC,BD,EN,TTT
20111,CSCI,4830,4,SCHREUDER,WILLEM,11,6,100%,5.5,0.5,5.5,0.5,7-9,5.5,5.5,5,4.7,5.5,5.8,SPEC TPCS IN COMPUTER SC,BD,EN,OTH
20111,CSCI,4830,6,EISENBERG,MICHAEL,13,12,100%,5.5,0.7,5.7,0.7,7-9,4.8,5.6,5.8,4.7,5,5.9,SPEC TPCS IN COMPUTER SC,BD,EN,TTT
20111,CSCI,4830,7,LEWIS,CLAYTON,20,10,100%,5,0.8,5.6,0.5,7-9,4.6,5.3,5.5,4.3,4.4,6,SPEC TPCS IN COMPUTER SC,BD,EN,TTT
20111,CSCI,4830,7,REPENNING,ALEX,20,10,100%,4.9,1.1,5,1.1,7-9,4.4,4.7,5,4.3,4.2,6,SPEC TPCS IN COMPUTER SC,BD,EN,OTH
20111,CSCI,4830,9,EHRENFEUCHT,ANDRZEJ,6,4,100%,5,0.8,5.5,0.6,7-9,5.3,5.8,5.5,4.8,5,6,SPEC TPCS IN COMPUTER SC,BD,EN,TTT
20111,CSCI,4830,10,BLACK,JOHN,29,22,100%,5.9,0.4,5.8,0.5,10-12,5.7,6,5.8,5.4,5.8,6,SPEC TPCS IN COMPUTER SC,BD,EN,TTT
20111,CSCI,5454,1,CLAUSET,AARON,22,20,100%,4.8,1.2,4.9,1,10-12,4.5,4.8,5.2,5.4,4.9,5.8,DESIGN ANLYS OF ALGOS,BD,EN,TTT
20111,CSCI,5673,2,HAN,RICHARD,26,18,100%,5.4,0.7,5.3,0.8,10-12,5.3,5.3,5,5,5.2,5.9,DISTRIBUTED SYSTEMS,BD,EN,TTT
20111,CSCI,5817,1,KING,ROGER,16,12,100%,4.3,1.7,4.7,1.7,7-9,5,4.7,4.5,4.3,4.3,5.8,DATABASE SYSTEMS,BD,EN,TTT
20111,CSCI,5832,2,MARTIN,JAMES,35,27,96%,5.1,0.9,5.5,0.8,7-9,4.8,5.1,4.8,5,5.1,5.8,NATURAL LANG PROCESSING,BD,EN,TTT
20111,CSCI,5919,1,PALEN,LEYSIA,17,16,100%,5.4,0.7,5.7,0.6,10-12,4.6,5.8,5.2,4.9,5.6,5.9,HUMAN-COMPUTER INTERACTI,BD,EN,TTT
20111,CSCI,6402,1,EISENBERG,MICHAEL,23,18,100%,5,0.6,5.3,1,7-9,4.6,5.5,4.5,4.5,5.1,5.8,METHODS IN COGNITIVE SCI,BD,EN,TTT
20111,CSCI,6402,1,KIM,ALBERT,23,18,100%,4.9,0.5,5,1.1,7-9,4.7,4.9,4.4,4.4,5.1,5.8,METHODS IN COGNITIVE SCI,BD,EN,TTT
20111,CSCI,7123,1,MISHRA,SHIVAKANT,8,6,100%,5.2,0.8,5.3,0.8,10-12,4.7,5.2,5,5.5,5.2,5.2,TOPICS IN OPERATING SYST,BD,EN,TTT
20111,CSCI,7135,803,CHANG,BOR-YUH,2,2,100%,4.5,2.1,4.5,2.1,7-9,5.5,5,4.5,6,4,6,TPCS IN PROGRAMMING LANG,BD,EN,TTT
20111,CSCI,7154,1,SANKARANARAYANAN,SR,7,4,100%,4.5,1.3,5.3,0.5,4-6,3.8,5,5.5,5.5,4.3,6,TOPIC IN THEORY OF COMPU,BD,EN,TTT
20107,CSCI,1000,1,LEWIS,CLAYTON,95,50,100%,3.7,1.3,5,1.2,0-3,3.6,4.2,5.1,2.3,3.2,5.9,CS AS FIELD OF WK & STDY,BD,EN,TTT
20107,CSCI,1300,10,MAIN,MICHAEL,57,43,100%,5.1,1,5.5,0.9,7-9,4.8,5.3,5.3,4.7,4.9,6,COMP SCI I: PROGRAMMING,BD,EN,TTT
20107,CSCI,1300,11,DUPLYAKIN,DMITRY,18,7,100%,4.4,1.5,4.7,1.3,7-9,4.7,4.4,4.7,4.7,5,6,COMP SCI I: PROGRAMMING,BD,EN,TA
20107,CSCI,1300,12,DUPLYAKIN,DMITRY,23,16,100%,4.9,0.9,5.4,0.6,4-6,5,4.7,5.3,4.8,4.9,5.9,COMP SCI I: PROGRAMMING,BD,EN,TA
20107,CSCI,1300,13,DUPLYAKIN,DMITRY,16,6,100%,5.5,0.5,5.7,0.5,7-9,4.5,5.2,5.5,4.2,4.8,5.8,COMP SCI I: PROGRAMMING,BD,EN,TA
20107,CSCI,1300,100,MAIN,MICHAEL,134,92,99%,4.7,1.1,5.5,0.8,7-9,4.5,4.9,5.3,4.7,4.6,5.9,COMP SCI I: PROGRAMMING,BD,EN,TTT
20107,CSCI,1300,101,BLACKSHEAR,SAMUEL,10,2,100%,5,1.4,4,0,10-12,4.5,4,4,5,5,6,COMP SCI I: PROGRAMMING,BD,EN,TA
20107,CSCI,1300,102,BLACKSHEAR,SAMUEL,19,6,100%,5.5,0.8,5.8,0.4,4-6,4,5.2,5.8,5.2,5.2,6,COMP SCI I: PROGRAMMING,BD,EN,TA
20107,CSCI,1300,103,BLACKSHEAR,SAMUEL,21,9,100%,5.2,0.7,5.3,0.7,7-9,4.9,5,5.1,4,4.8,5.7,COMP SCI I: PROGRAMMING,BD,EN,TA
20107,CSCI,1300,104,AHN,JUNHO,19,5,100%,5.2,0.8,4,1.2,7-9,4.6,3.8,4.8,4.2,5.4,6,COMP SCI I: PROGRAMMING,BD,EN,TA
20107,CSCI,1300,105,AHN,JUNHO,20,3,100%,4.3,1.5,4,1.7,7-9,3.3,3.3,4.3,5,5,5.7,COMP SCI I: PROGRAMMING,BD,EN,TA
20107,CSCI,1300,106,THOMPSON,ALLISON,24,9,89%,4.8,0.9,5,0.9,4-6,4.8,4.6,5.3,4.3,4.2,5.7,COMP SCI I: PROGRAMMING,BD,EN,TA
20107,CSCI,1300,107,THOMPSON,ALLISON,16,14,100%,4.9,1,5.4,0.7,7-9,4.4,4.7,5.2,4.8,4.4,5.8,COMP SCI I: PROGRAMMING,BD,EN,TA
20107,CSCI,1300,108,THOMPSON,ALLISON,5,2,100%,4.5,0.7,5.5,0.7,10-12,4,4.5,4.5,5,5,5.5,COMP SCI I: PROGRAMMING,BD,EN,TA
20107,CSCI,2270,10,BLACK,JOHN,108,57,100%,5.2,0.9,5.6,0.7,7-9,4.9,5.4,5.4,5.1,5.4,6,COMP SCI II: DATA STRUCT,BD,EN,TTT
20107,CSCI,2270,11,BEACH,AARON,18,9,100%,4.8,0.7,5.4,0.7,7-9,4.3,5.1,4.9,4.8,4.6,6,COMP SCI II: DATA STRUCT,BD,EN,TA
20107,CSCI,2270,12,BEACH,AARON,20,12,100%,5.3,0.8,5.5,0.7,10-12,4.9,5.4,5.3,5.4,5.8,6,COMP SCI II: DATA STRUCT,BD,EN,TA
20107,CSCI,2270,13,BEACH,AARON,18,14,100%,5,0.7,5.4,0.6,7-9,4.7,5.1,5,4.4,4.9,5.9,COMP SCI II: DATA STRUCT,BD,EN,TA
20107,CSCI,2270,14,MAHDIAN,ALIREZA,20,3,100%,3.7,0.6,3.7,0.6,10-12,4.3,3,3.7,4,3.7,6,COMP SCI II: DATA STRUCT,BD,EN,TA
20107,CSCI,2270,15,MAHDIAN,ALIREZA,19,6,83%,5,0.7,3.8,1.9,10-12,4.8,4.2,4,5.5,5,5.8,COMP SCI II: DATA STRUCT,BD,EN,TA
20107,CSCI,2270,16,MAHDIAN,ALIREZA,13,7,100%,5.1,1.2,4.4,1.3,7-9,4.4,4.6,5.3,5.3,4.7,6,COMP SCI II: DATA STRUCT,BD,EN,TA
20107,CSCI,2400,10,GRUNWALD,DIRK,118,71,100%,4.6,1.3,4.8,1.4,10-12,4.5,4.7,4.5,5.6,5.2,5.8,COMPUTER SYSTEMS,BD,EN,TTT
20107,CSCI,2400,11,MERRITT,SEARS,20,5,100%,4.8,1.6,5,0.7,7-9,5,4.2,5,6,5.8,5.8,COMPUTER SYSTEMS,BD,EN,TA
20107,CSCI,2400,12,DIETRICH,CHARLES,20,17,100%,3.4,1.3,2.4,1.1,7-9,4.8,2.5,3.4,5.1,3.8,5.8,COMPUTER SYSTEMS,BD,EN,TA
20107,CSCI,2400,13,DIETRICH,CHARLES,19,6,100%,3.8,1.9,3.3,2.1,4-6,4.8,3.3,5,5.5,4.7,5.8,COMPUTER SYSTEMS,BD,EN,TA
20107,CSCI,2400,14,DIETRICH,CHARLES,18,8,100%,3.6,1.8,3.5,1.8,10-12,3.4,3.3,4,4.9,4.3,5.5,COMPUTER SYSTEMS,BD,EN,TA
20107,CSCI,2400,15,MERRITT,SEARS,20,11,100%,4.2,1.7,5.1,1.1,10-12,4,4.4,5.2,5.9,5,5.7,COMPUTER SYSTEMS,BD,EN,TA
20107,CSCI,2400,16,MERRITT,SEARS,20,10,100%,4.7,1.1,5,1.2,10-12,4.5,4.7,4.9,5.5,5,5.8,COMPUTER SYSTEMS,BD,EN,TA
20107,CSCI,2400,17,MERRITT,SEARS,1,0,,,,,,,,,,,,,COMPUTER SYSTEMS,BD,EN,TA
20107,CSCI,2824,1,EHRENFEUCHT,ANDRZEJ,68,57,98%,4.5,1.3,5.2,1.1,4-6,3.3,4.4,5.5,4.1,4.2,6,DISCRETE STRUCTURES,BD,EN,TTT
20107,CSCI,2830,1,TUFO,HENRY,29,22,100%,3.8,1.1,4.2,1.2,7-9,3.1,3.9,4.1,4.8,4.5,5.7,SPECIAL TOPICS,BD,EN,TTT
20107,CSCI,3002,1,FISCHER,GERHARD,32,25,100%,3.4,1.4,3.9,1.4,4-6,3.8,3.3,4.6,2.8,3.2,5.9,HUMAN-CENTERED COMPUTING,BD,EN,TTT
20107,CSCI,3104,10,BLACK,JOHN,45,35,100%,5.3,0.8,5.6,0.7,7-9,4.7,5.3,5.1,5,5.2,5.9,ALGORITHMS,BD,EN,TTT
20107,CSCI,3104,11,GONZALES,HAROLD,20,10,100%,4.5,0.8,4.8,0.9,7-9,4.5,4.8,5,4.6,4.4,6,ALGORITHMS,BD,EN,TA
20107,CSCI,3104,12,GONZALES,HAROLD,25,6,100%,4.5,1,4.2,1.3,7-9,4.7,3.8,4.8,5,5.3,5.8,ALGORITHMS,BD,EN,TA
20107,CSCI,3202,1,EISENBERG,MICHAEL,48,33,100%,5.1,1,5.4,1,7-9,4.9,5.2,4.9,4.8,5,5.9,INTRO ARTIFICIAL INTELL,BD,EN,TTT
20107,CSCI,3287,1,KING,ROGER,25,10,100%,3.1,1.6,3.3,1.6,4-6,4,2.8,4,3.2,3.4,6,DATABASES INFO SYSTEMS,BD,EN,TTT
20107,CSCI,3308,10,BUTLER,WILLIAM,46,33,100%,4.2,1.2,4.4,1.1,7-9,4.9,4.3,4.8,4,4.4,5.9,SOFTWARE ENG METHODS AND,BD,EN,OTH
20107,CSCI,3308,11,SCHRAM,AARON,8,6,100%,4.2,1,5.2,0.8,7-9,4.2,5,5.7,4.5,4.3,5.5,SOFTWARE ENG METHODS AND,BD,EN,TA
20107,CSCI,3308,12,SCHRAM,AARON,12,10,100%,4.8,0.9,5.7,0.5,7-9,4.6,5.5,5.8,4.4,4.6,5.9,SOFTWARE ENG METHODS AND,BD,EN,TA
20107,CSCI,3308,13,SCHRAM,AARON,19,14,100%,4.5,1.6,5.4,1.4,10-12,4.8,5.1,5.4,4.4,4.4,5.9,SOFTWARE ENG METHODS AND,BD,EN,TA
20107,CSCI,3308,14,BUTLER,WILLIAM,7,5,100%,4.6,0.9,5.4,0.9,4-6,3.6,5,5,4.4,5,5.8,SOFTWARE ENG METHODS AND,BD,EN,OTH
20107,CSCI,3702,5,PALMER,MARTHA,29,29,93%,3.3,1.5,3.4,1.6,4-6,3.9,3.3,4.5,4.6,3.4,5.8,COGNITIVE SCIENCE,BD,EN,TTT
20107,CSCI,3702,6,KIM,ALBERT,26,26,100%,4.5,1.2,5.1,1.1,4-6,4.3,4.8,5.2,4.8,4.6,5.8,COGNITIVE SCIENCE,BD,EN,TTT
20107,CSCI,4202,1,MOZER,MICHAEL,25,14,100%,4.4,0.9,4.6,1,7-9,4.9,4.8,5.4,5.5,4.6,6,ARTIFICIAL INTELLIGENCE,BD,EN,TTT
20107,CSCI,4229,1,SCHREUDER,WILLEM,69,42,100%,5.2,0.7,5.6,0.6,7-9,4.6,5.5,5.1,4.7,5.3,5.9,COMPUTER GRAPHICS,BD,EN,OTH
20107,CSCI,4273,1,HAN,RICHARD,57,19,100%,5.3,0.7,5.5,0.6,10-12,4.8,5.1,5.4,4.9,5.4,5.9,NETWORK SYSTEMS,BD,EN,TTT
20107,CSCI,4308,10,SANDERS,BRUCE,42,39,100%,4.6,1.4,5.1,1,16+,4.7,4.8,5.7,5.2,4.9,5.9,SOFTWARE ENGINEERING PRO,BD,EN,OTH
20107,CSCI,4308,11,KESSEL,ANDREW,42,28,100%,4.6,1.5,5.2,0.9,16+,4.8,4.8,5.4,5.1,5,5.8,SOFTWARE ENGINEERING PRO,BD,EN,TA
20107,CSCI,4314,1,GOLDBERG,DEBRA,14,12,100%,3.1,1.7,3,1.7,4-6,3.3,3.2,4.3,4,3.2,5.7,ALGORITHMS: MOLECULARBIO,BD,EN,TTT
20107,CSCI,4809,1,KING,ROGER,23,12,100%,3.9,1.6,4.5,1.4,4-6,5.1,4.3,5.2,3.9,3.8,6,COMPUTER ANIMATION,BD,EN,TTT
20107,CSCI,4830,6,CORRELL,NIKOLAUS,27,24,100%,4,1.2,4,1.4,7-9,4.8,4.1,4.3,4.8,4.2,5.7,SPEC TPCS IN COMPUTER SC,BD,EN,TTT
20107,CSCI,4830,802,CORRELL,NIKOLAUS,7,5,100%,5.2,0.4,5.6,0.5,7-9,5.4,5.4,6,5,5,6,SPEC TPCS IN COMPUTER SC,BD,EN,TTT
20107,CSCI,4830,803,MOZER,MICHAEL,7,7,100%,5.6,0.5,5.6,0.5,7-9,4.9,5.4,5.9,5.7,5.7,5.9,SPEC TPCS IN COMPUTER SC,BD,EN,TTT
20107,CSCI,4839,1,PALEN,LEYSIA,34,26,100%,4,1.2,4.4,1.3,7-9,3.8,4.2,5,3.3,4,5.8,USER-CENTERED DESIGN,BD,EN,TTT
20107,CSCI,5417,1,MARTIN,JAMES,33,25,100%,5.6,0.6,5.8,0.5,7-9,4.5,5.5,5.4,5,5.4,6,INFORMATION RETRIEVAL SY,BD,EN,TTT
20107,CSCI,5444,1,EHRENFEUCHT,ANDRZEJ,22,14,100%,4.6,1.3,5,1,4-6,4.4,4.8,5.1,4.1,4.3,5.9,INTRO TO THEORY OF COMP,BD,EN,TTT
20107,CSCI,5573,1,MISHRA,SHIVAKANT,13,9,100%,4.9,1.2,5.1,0.9,7-9,5.2,5.1,5.2,4.8,5,5.9,ADVANCED OPERATING SYSTE,BD,EN,TTT
20107,CSCI,5606,1,CAI,XIAO,8,6,100%,5.2,0.4,5.7,0.5,10-12,4.8,5.5,5.3,5.5,5.2,5.8,PRIN OF NUM COMPUTATION,BD,EN,TTT
20107,CSCI,5646,1,JESSUP,ELIZABETH,6,5,100%,5,1.2,5.4,0.9,7-9,4.8,5.6,5.6,5,4.4,6,NUMERICAL LINEAR ALGEBRA,BD,EN,TTT
20107,CSCI,5722,1,MULLIGAN,JANE,23,19,100%,4.6,0.9,4,1.1,10-12,4.4,4.1,5.1,5.1,4.5,5.8,COMPUTER VISION,BD,EN,OTH
20107,CSCI,5839,1,LEWIS,CLAYTON,38,22,91%,4.8,0.8,5.3,0.7,10-12,4.6,5,4.9,4,4.5,5.8,USER-CENTERED DESIGN,BD,EN,TTT
20107,CSCI,6000,1,BRADLEY,ELIZABETH,24,18,100%,5.2,0.6,5.6,0.5,0-3,4.3,5.7,5.7,3.2,4.9,6,INTRO CSCI PHD PROGRAM,BD,EN,TTT
20107,CSCI,7000,2,LV,QIN,6,4,100%,5.3,1,5.5,0.6,7-9,5.5,5.5,5,5.8,5.3,5.3,CURRENT TPCS IN COMPUTER,BD,EN,TTT
20107,CSCI,7000,3,CLAUSET,AARON,13,11,100%,5.4,0.8,5.7,0.7,10-12,5.2,5.5,6,5.5,5.4,6,CURRENT TPCS IN COMPUTER,BD,EN,TTT
20107,CSCI,7135,1,CHANG,BOR-YUH,10,7,100%,4.4,1.8,4.6,1.7,10-12,4.4,4.3,5,4.9,4.3,5.9,TPCS IN PROGRAMMING LANG,BD,EN,TTT
20107,CSCI,7154,1,SANKARANARAYANAN,SR,6,4,100%,5.8,0.5,5.8,0.5,10-12,5.5,5.5,5.8,5.5,5.8,5.8,TOPIC IN THEORY OF COMPU,BD,EN,TTT
20107,CSCI,7772,1,MARTIN,JAMES,13,6,100%,5.8,0.4,6,0,0-3,5.8,6,5.7,5,5.5,6,TPCS-COGNITIVE SCIENCE,BD,EN,TTT
20104,CSCI,1240,200,EISENBERG,MICHAEL,14,7,100%,4.1,1.3,4.1,1.2,7-9,2.9,4.1,4.1,4.9,3.9,5.1,COMPUTATIONAL WORLD,BD,EN,TTT
20104,CSCI,1300,100,LAMARCHE,JEFFREY,29,26,100%,4.9,1.4,5.3,1,13-15,4.8,5,5.8,5.4,5.2,6,COMP SCI I: PROGRAMMING,BD,EN,TA
20104,CSCI,2270,200,WHITE,ELIZABETH,41,35,100%,5.4,0.6,5.6,0.6,13-15,5.2,5.5,5.1,4.9,5.4,6,COMP SCI II: DATA STRUCT,BD,EN,OTH
20104,CSCI,2270,201,WHITE,ELIZABETH,20,0,,,,,,,,,,,,,RECITATION,BD,EN,OTH
20104,CSCI,2270,202,WHITE,ELIZABETH,21,0,,,,,,,,,,,,,RECITATION,BD,EN,OTH
20104,CSCI,4123,410,SANTOS,JOSE,6,4,100%,4,0.8,4.5,1,16+,5,4.8,4.5,4.5,4,5.8,NETWORK LAB,BD,EN,OTH
20104,CSCI,4123,411,SANTOS,JOSE,6,3,100%,4.7,0.6,4.7,1.2,13-15,5,4.3,4,4.7,4.3,5.7,LAB,BD,EN,OTH
20104,CSCI,4229,100,SCHREUDER,WILLEM,35,24,100%,5.5,0.9,5.7,0.9,13-15,4.8,5.4,5.5,4.8,5.2,6,COMPUTER GRAPHICS,BD,EN,OTH
20104,CSCI,4809,101,KING,ROGER,17,11,100%,4.8,1.3,4.9,1.5,10-12,5.1,4.6,5.2,4.5,4.7,5.8,COMPUTER ANIMATION,BD,EN,TTT
20101,CSCI,1240,1,EISENBERG,MICHAEL,41,17,100%,3.9,1.4,4,1.3,4-6,4.8,4.4,3.7,4.1,3.8,5.5,COMPUTATIONAL WORLD,BD,EN,TTT
20101,CSCI,1300,100,MAIN,MICHAEL,205,140,99%,5.2,0.8,5.6,0.7,7-9,4.2,5.3,5.5,4.4,5.2,5.9,COMP SCI I: PROGRAMMING,BD,EN,TTT
20101,CSCI,1300,101,DUPLYAKIN,DMITRY,16,7,100%,5.1,0.7,5.3,0.8,7-9,3.7,5.1,5.3,4.1,5.1,5.9,RECITATION,BD,EN,TA
20101,CSCI,1300,102,PHILLIPS,CALEB,25,8,100%,5.5,0.8,5.6,0.7,7-9,5,5.8,5.5,4.8,5.1,6,RECITATION,BD,EN,TA
20101,CSCI,1300,103,PHILLIPS,CALEB,25,18,100%,5.4,0.7,5.9,0.2,4-6,4.2,5.6,5.8,4.8,5.3,6,RECITATION,BD,EN,TA
20101,CSCI,1300,104,PHILLIPS,CALEB,24,16,100%,5.3,0.6,5.8,0.4,4-6,4.7,5.3,5.8,4.3,5.6,5.9,RECITATION,BD,EN,TA
20101,CSCI,1300,105,DUPLYAKIN,DMITRY,25,11,100%,5.2,0.9,5.1,0.8,7-9,4.5,4.9,4.6,4.7,5.4,6,RECITATION,BD,EN,TA
20101,CSCI,1300,106,GARTRELL,MIKE,25,10,100%,4.8,0.8,4.3,1.3,4-6,3.8,3.8,4.1,4.6,5,5.7,RECITATION,BD,EN,TA
20101,CSCI,1300,107,GARTRELL,MIKE,25,9,100%,5.2,0.7,5.4,0.7,7-9,3.8,4.8,5.6,4.8,5.3,6,RECITATION,BD,EN,TA
20101,CSCI,1300,108,AHN,JUNHO,17,3,100%,3.3,2.5,4.3,2.9,4-6,5,3.5,4,4.7,4.3,6,RECITATION,BD,EN,TA
20101,CSCI,1300,109,GARTRELL,MIKE,10,4,100%,5,0,4.8,1.3,7-9,5,4.8,4.5,5,5.3,5.8,RECITATION,BD,EN,TA
20101,CSCI,1300,110,AHN,JUNHO,13,2,100%,5.5,0.7,4,,4-6,4,4.5,5,5.5,5,5.5,RECITATION,BD,EN,TA
20101,CSCI,2270,10,MISHRA,SHIVAKANT,96,39,100%,3.9,1.2,3.7,1.3,7-9,5.1,3.5,4.5,4.2,4.2,5.8,COMP SCI II: DATA STRUCT,BD,EN,TTT
20101,CSCI,2270,11,MAHDIAN,ALIREZA,16,10,100%,3.8,0.8,3.7,1.3,10-12,5.3,3,4.6,4.4,3.8,4.7,RECITATION,BD,EN,TA
20101,CSCI,2270,12,MAHDIAN,ALIREZA,20,9,100%,4.2,1.2,4.4,1.9,7-9,5.1,4,5.1,4.4,4.6,5.8,RECITATION,BD,EN,TA
20101,CSCI,2270,13,ZHENG,CHENYU,20,13,100%,3.8,1.4,4,1.4,7-9,5.4,3.5,4.2,4.5,3.8,5.9,RECITATION,BD,EN,TA
20101,CSCI,2270,14,ZHENG,CHENYU,20,8,100%,4.4,1.5,4.3,1.2,7-9,5,4.1,5,4.8,4.3,5.8,RECITATION,BD,EN,TA
20101,CSCI,2270,15,ZHENG,CHENYU,20,9,100%,4,0.5,4.1,1.5,4-6,4.8,3.7,4.4,4.9,4.4,5.9,RECITATION,BD,EN,TA
20101,CSCI,2824,1,MAIN,MICHAEL,57,29,100%,5,0.8,5.8,0.5,4-6,3.9,5.3,5.5,4.7,5,5.9,DISCRETE STRUCTURES,BD,EN,TTT
20101,CSCI,2830,1,MAIN,MICHAEL,3,3,100%,5.7,0.6,6,0,0-3,5.7,5.3,5.7,5,5,6,SP TPS-MENTOR/DEBUG,BD,EN,TTT
20101,CSCI,2830,2,MAIN,MICHAEL,3,3,100%,6,0,6,0,0-3,5.7,6,5.7,5.3,5.3,6,SP TPS-IDEAS IN COMP,BD,EN,TTT
20101,CSCI,3104,10,BLACK,JOHN,37,26,100%,5,1,5.4,1.1,7-9,4.7,5.3,4.8,5,5.1,5.9,ALGORITHMS,BD,EN,TTT
20101,CSCI,3104,11,RAMANARAYAMAN,K,27,18,100%,3.4,1.5,2.9,1.8,4-6,4.3,2.9,4,4.1,3.3,5.4,RECITATION,BD,EN,TA
20101,CSCI,3104,12,RAMANARAYAMAN,K,10,4,100%,4.3,2.2,3,1.4,10-12,5,3.5,4.3,4.5,4.5,6,RECITATION,BD,EN,TA
20101,CSCI,3155,10,DIWAN,AMER,45,24,100%,5.1,0.7,5.5,0.7,7-9,4.3,5.2,5.5,4.6,4.9,5.8,PRINCIP OF PROG LANGS,BD,EN,TTT
20101,CSCI,3155,11,DIXON,BRYAN,24,8,100%,3.5,1.6,3,1.9,4-6,4.8,2.8,4.3,3.5,3.5,5.6,RECITATION,BD,EN,TA
20101,CSCI,3155,12,DIXON,BRYAN,21,6,100%,2.3,1.4,1.8,1.2,4-6,3.5,1.5,3.4,2.7,2.3,5,RECITATION,BD,EN,TA
20101,CSCI,3308,10,DIWAN,AMER,80,50,98%,5.4,0.7,5.6,0.6,7-9,4.8,5.5,5.6,4.7,5.3,5.9,SOFTWARE ENG METHODS,BD,EN,TTT
20101,CSCI,3308,11,HOMAEI,HADJAR,7,4,100%,1.8,1,1.3,0.5,4-6,3.8,1,1.3,2.3,2,4,LAB,BD,EN,TA
20101,CSCI,3308,12,HOMAEI,HADJAR,26,21,100%,4.8,1.2,4.7,1.2,4-6,4.6,4.1,4.5,4.8,4.8,6,LAB,BD,EN,TA
20101,CSCI,3308,13,ROBISON,JASON,23,18,100%,5,1,5.5,0.7,4-6,4.8,5.3,5.7,4.6,4.7,5.9,LAB,BD,EN,TA
20101,CSCI,3308,14,ROBISON,JASON,24,20,100%,5.1,0.9,5.7,0.6,4-6,4.9,5.3,5.7,4.4,5.2,6,LAB,BD,EN,TA
20101,CSCI,3434,1,GOLDBERG,DEBRA,11,8,100%,5,0.8,5.7,0.5,7-9,3.8,5.3,5.5,4.5,5,5.9,THEORY OF COMPUTATION,BD,EN,TTT
20101,CSCI,3656,1,BYRD,RICHARD,31,22,100%,4.3,1.2,4.9,1.2,7-9,3.6,4.5,5,5.1,4.6,5.7,NUMERICAL COMP 1,BD,EN,TTT
20101,CSCI,3753,10,HAN,RICHARD,51,32,100%,4.9,1.2,5,1.2,7-9,4.6,4.8,4.9,4.8,4.7,5.9,OPERATING SYSTEMS,BD,EN,TTT
20101,CSCI,3753,11,WAILES,CHRISTIAN,24,17,100%,4.6,1.2,4.5,1.5,7-9,4.4,4.5,4.7,5.1,4.6,5.8,RECITATION,BD,EN,TA
20101,CSCI,3753,12,WAILES,CHRISTIAN,22,18,100%,4.7,1.5,5,1.3,7-9,4.5,4.9,5.5,4.8,4.5,5.8,RECITATION,BD,EN,TA
20101,CSCI,3753,13,WAILES,CHRISTIAN,5,5,100%,4.8,0.8,5.4,0.9,7-9,5,5,5,4.8,4.6,6,RECITATION,BD,EN,TA
20101,CSCI,4113,2,PHILLIPS,CALEB,36,19,100%,5.3,0.7,5.7,0.5,7-9,5.2,5.4,5.7,4.5,5.1,6,UNIX SYSTEM ADMIN,BD,EN,TA
20101,CSCI,4123,10,SANTOS,JOSE,15,8,100%,5.3,1,4.9,0.6,16+,5.3,5,4.9,4.9,5.4,5.5,NETWORK LAB,BD,EN,OTH
20101,CSCI,4123,11,SANTOS,JOSE,15,6,100%,5,1.1,5.2,0.8,13-15,5.5,5.3,5.2,4.8,5.2,5.5,LAB,BD,EN,OTH
20101,CSCI,4133,10,MACKEY,DAVID,13,6,100%,5.2,1,5.3,0.8,13-15,5.7,5.2,4.2,5.7,5.7,5.8,SECURITY LAB,BD,EN,OTH
20101,CSCI,4318,10,SANDERS,BRUCE,60,44,100%,5.2,1.1,5.5,0.8,13-15,5.1,5.2,5.9,5.3,5.4,6,SOFTWARE ENG PROJECT 2,BD,EN,OTH
20101,CSCI,4318,11,COBB,GUY,60,45,100%,5.2,1,5.8,0.6,13-15,5.2,5.4,5.8,5.3,5.3,6,RECITATION,BD,EN,TA
20101,CSCI,4446,1,BRADLEY,ELIZABETH,21,18,100%,5.8,0.4,6,0,7-9,4.6,5.7,5.6,5.1,5.5,5.9,CHAOTIC DYNAMICS,BD,EN,TTT
20101,CSCI,4576,20,JESSUP,ELIZABETH,9,3,100%,6,0,5.7,0.6,10-12,5.7,5.3,5.7,5.7,5.7,6,HIGH-PERF SCI COMP 1,BD,EN,TTT
20101,CSCI,4576,20,WOITASZEK,MATTHEW,9,0,,,,,,,,,,,,,HIGH-PERF SCI COMP 1,BD,EN,OTH
20101,CSCI,4576,22,JESSUP,ELIZABETH,9,0,,,,,,,,,,,,,LAB,BD,EN,TTT
20101,CSCI,4576,22,WOITASZEK,MATTHEW,9,6,100%,5.5,0.8,6,0,10-12,5.2,5.8,5.7,5.7,5.5,6,LAB,BD,EN,OTH
20101,CSCI,4810,1,GOLDBERG,DEBRA,9,8,100%,4.8,0.9,5.3,0.5,0-3,5.4,5.4,4.9,3.8,4.8,5.8,SEMINAR IN CB&HI,BD,EN,TTT
20101,CSCI,4830,1,MAIN,MICHAEL,14,12,100%,5.3,0.7,5.6,0.5,4-6,4.6,5.4,5.9,4.3,5.1,6,NATURAL COMPUTING,BD,EN,TTT
20101,CSCI,4830,3,SIEK,KATIE,12,8,100%,4.6,1.7,4.9,1.4,7-9,4,5.1,5,4.4,5.1,5.9,TPC-GAMES FOR HEALTH,BD,EN,TTT
20101,CSCI,4830,4,LV,QIN,14,10,100%,4.1,1.2,4.3,1.3,7-9,5.4,4.2,5.1,4.6,4.7,5.8,DATA MINING,BD,EN,TTT
20101,CSCI,4830,5,LEWIS,CLAYTON,30,15,100%,5.1,0.9,5.1,0.6,7-9,5.3,5.1,5.2,4.3,4.8,6,TPC-GAME PROGRAMMING,BD,EN,TTT
20101,CSCI,4830,5,REPENNING,ALEX,30,15,100%,5,0.9,5.1,1,7-9,5.2,5.1,5.1,4.5,4.7,5.9,TPC-GAME PROGRAMMING,BD,EN,OTH
20101,CSCI,4830,6,SCHREUDER,WILLEM,12,8,100%,5,1.3,5.6,0.5,4-6,5,5,5.5,4.6,4.6,6,ADV COMPUTER GRAPHICS,BD,EN,OTH
20101,CSCI,4830,7,SANKARANARAYANAN,SR,8,5,100%,5.2,0.4,5.8,0.4,4-6,4.4,5.4,6,4.4,5.4,6,AUTOMATA CYBER PHYS SYST,BD,EN,TTT
20101,CSCI,4830,8,CORRELL,NIKOLAUS,23,20,95%,4.6,1.1,4.9,1,4-6,4.6,4.7,5.5,4.6,4.5,5.8,INTRODUCTION TO ROBOTICS,BD,EN,TTT
20101,CSCI,4839,1,PALEN,LEYSIA,41,38,100%,3.9,1.5,4.3,1.5,7-9,4.3,4.3,5,3.7,4,5.6,USER CENTERED DESIGN,BD,EN,TTT
20101,CSCI,5454,1,EHRENFEUCHT,ANDRZEJ,26,12,100%,4.4,1.4,4.8,1.3,4-6,4.6,4.7,4.9,3.9,4.1,6,DESIGN ANLYS OF ALGOS,BD,EN,TTT
20101,CSCI,5535,1,CHANG,BOR-YUH,18,15,100%,4.6,1.3,5.4,0.9,13-15,4,4.9,5.4,5.7,4.7,5.9,FUND CONCEPTS/PROG LANG,BD,EN,TTT
20101,CSCI,5576,20,JESSUP,ELIZABETH,12,7,100%,5.4,0.8,5.1,0.7,10-12,5.1,5.1,5.6,4.7,5.4,6,HIGH-PERF SCI COMP 1,BD,EN,TTT
20101,CSCI,5576,20,WOITASZEK,MATTHEW,12,0,,,,,,,,,,,,,HIGH-PERF SCI COMP 1,BD,EN,OTH
20101,CSCI,5576,21,JESSUP,ELIZABETH,12,0,,,,,,,,,,,,,LAB,BD,EN,TTT
20101,CSCI,5576,21,WOITASZEK,MATTHEW,12,12,100%,5.6,0.5,5.7,0.7,10-12,5,5.8,5.7,4.9,5.5,5.9,LAB,BD,EN,OTH
20101,CSCI,5673,1,MISHRA,SHIVAKANT,12,12,100%,4.8,1.1,5,1.4,10-12,4.8,4.5,4.8,5.1,4.7,5.5,DISTRIBUTED SYSTEMS,BD,EN,TTT
20101,CSCI,5817,1,KING,ROGER,23,13,100%,4.2,1.2,4.4,1.2,7-9,4.4,4.5,4.8,4.2,4.4,5.8,DATABASE SYSTEMS,BD,EN,TTT
20101,CSCI,5828,1,ANDERSON,KENNETH,26,8,100%,5.4,1.1,5.4,1.1,7-9,5.6,5.3,5.1,5.3,5.5,5.9,FOUNDATIONS/SFTWARE ENGR,BD,EN,TTT
20101,CSCI,5832,1,MARTIN,JAMES,29,24,100%,5.1,0.8,5.2,1,7-9,5.2,5.3,5,5.2,5.1,5.8,NATURAL LANG PROCESSING,BD,EN,TTT
20101,CSCI,6676,1,BYRD,RICHARD,5,4,100%,5.5,0.6,5.8,0.5,7-9,5.5,5.3,5.8,5,5.5,6,NUM METHS UNCONSTD OPTM,BD,EN,TTT
20101,CSCI,7000,2,BLACK,JOHN,14,10,100%,5.7,0.5,5.8,0.4,7-9,5.1,5.8,5.7,5.7,5.6,5.8,TPC-CRYTPOGRAPHY,BD,EN,TTT
20101,CSCI,7772,3,MARTIN,JAMES,14,0,,,,,,,,,,,,,TPCS-COGNITIVE SCIENCE,BD,EN,TTT
20097,CSCI,1000,1,LEWIS,CLAYTON,89,44,93%,3.2,1.7,4.4,1.5,0-3,3.8,3.7,4.6,1.9,2.9,5.8,CS AS FIELD OF WK & STDY,BD,EN,TTT
20097,CSCI,1220,1,BENNETT,JOHN,76,55,100%,4.6,1.3,5.1,1.1,7-9,4.3,4.7,4.8,4.9,4.7,5.7,VR: INTRO TO COMP SCI,BD,EN,TTT
20097,CSCI,1300,10,NUTT,GARY,50,35,100%,4.4,1.3,3.9,1.5,10-12,5,3.6,4.5,4.9,4.7,5.2,COMP SCI I: PROGRAMMING,BD,EN,TTT
20097,CSCI,1300,11,ROBISON,JASON,13,7,100%,5.3,1,5.4,0.8,4-6,5.1,5.1,4.9,4.1,4.9,5.9,RECITATION,BD,EN,TA
20097,CSCI,1300,12,ROBISON,JASON,18,15,100%,4.7,1.3,5.8,0.4,10-12,5.3,5.3,5.5,4.9,4.9,6,RECITATION,BD,EN,TA
20097,CSCI,1300,13,ROBISON,JASON,19,15,100%,4.9,1,5.5,0.8,10-12,4.5,5.1,5.4,5.3,5.1,5.8,RECITATION,BD,EN,TA
20097,CSCI,1300,100,LEWIS,CLAYTON,163,75,99%,4.5,1.3,4.9,1.3,7-9,4.4,4.9,4.9,4.5,4.7,5.8,COMP SCI I: PROGRAMMING,BD,EN,TTT
20097,CSCI,1300,101,CHEESEMAN,DAVID,3,2,100%,3.5,2.1,4.5,0.7,7-9,4.5,4.5,4.5,3.5,3.5,5,RECITATION,BD,EN,TA
20097,CSCI,1300,102,CHEESEMAN,DAVID,19,12,100%,4.4,1.5,4.5,1.4,7-9,4.2,5.2,3.8,4.7,4.8,5.8,RECITATION,BD,EN,TA
20097,CSCI,1300,103,CHEESEMAN,DAVID,25,9,89%,4.3,1.8,4.9,1.5,4-6,4.9,4.7,4.6,4.2,4,5.7,RECITATION,BD,EN,TA
20097,CSCI,1300,104,AHN,JUNHO,22,14,100%,4,1.8,3.5,1.9,4-6,4,3.5,3.8,4.1,3.9,5.8,RECITATION,BD,EN,TA
20097,CSCI,1300,105,AHN,JUNHO,25,7,100%,4.9,0.9,4.3,1.1,7-9,4.4,4,4.9,4.9,5.1,5.9,RECITATION,BD,EN,TA
20097,CSCI,1300,106,AHN,JUNHO,25,10,100%,4.5,1.2,3.8,1.5,4-6,4.9,3.4,3.9,3.6,4.4,5.9,RECITATION,BD,EN,TA
20097,CSCI,1300,107,DIXON,BRYAN,25,18,100%,4.3,1.3,4.5,1,7-9,4.1,4.3,4.9,4.2,4.4,5.6,RECITATION,BD,EN,TA
20097,CSCI,1300,108,DIXON,BRYAN,14,3,100%,4.3,0.6,4.7,1.5,7-9,3.7,4.3,5,4.3,4.3,5.3,RECITATION,BD,EN,TA
20097,CSCI,1300,109,DIXON,BRYAN,5,1,100%,5,,5,,0-3,6,5,3,6,6,6,RECITATION,BD,EN,TA
20097,CSCI,2270,10,MAIN,MICHAEL,88,74,100%,5.2,0.8,5.6,0.6,7-9,4.9,5.3,5.5,4.8,5.2,6,COMP SCI II: DATA STRUCT,BD,EN,TTT
20097,CSCI,2270,11,HUANG,YINGDAN,18,10,100%,4.7,1.1,4.2,0.8,7-9,4.9,3.9,4.7,4.6,4.5,5.9,RECITATION,BD,EN,TA
20097,CSCI,2270,12,HUANG,YINGDAN,20,14,100%,4.4,0.8,3.5,1.2,7-9,4.7,3.5,4.1,4.5,4.4,5.4,RECITATION,BD,EN,TA
20097,CSCI,2270,13,FROHARDT,ROBERT,18,13,100%,4.7,1,5.2,0.6,7-9,4.2,5,5,4.4,4.7,6,RECITATION,BD,EN,TA
20097,CSCI,2270,14,FROHARDT,ROBERT,19,15,100%,5.1,0.9,5.4,0.8,7-9,4.8,4.9,5.1,4.6,4.9,5.9,RECITATION,BD,EN,TA
20097,CSCI,2270,15,FROHARDT,ROBERT,13,12,100%,5.4,0.7,5.3,1.1,10-12,5.3,4.8,5.3,4.9,5.2,6,RECITATION,BD,EN,TA
20097,CSCI,2400,10,GRUNWALD,DIRK,75,45,100%,4.8,1.2,4.9,1.4,10-12,4.6,5,5,5.6,5.2,5.9,COMPUTER SYSTEMS,BD,EN,TTT
20097,CSCI,2400,11,WAILES,CHRISTIAN,15,10,100%,4.7,1.1,4.4,1.5,10-12,4.4,4.1,4.8,5.6,5.3,5.8,RECITATION,BD,EN,TA
20097,CSCI,2400,12,WAILES,CHRISTIAN,17,10,100%,4.9,0.9,4.6,0.8,7-9,4.5,4.2,4.8,5.5,5.3,5.9,RECITATION,BD,EN,TA
20097,CSCI,2400,13,WAILES,CHRISTIAN,18,9,100%,4.1,1.5,4.4,1.4,10-12,4.1,4.1,5.1,5.3,4.9,5.8,REC,BD,EN,TA
20097,CSCI,2400,14,YEE,GARY,19,15,100%,4.8,1.4,4.9,1.3,7-9,4.3,4.4,5.2,5.1,5,5.7,REC,BD,EN,TA
20097,CSCI,2400,15,YEE,GARY,6,5,100%,4.8,1.6,5.8,0.4,7-9,3.8,5.4,5.6,6,5.2,6,REC,BD,EN,TA
20097,CSCI,2824,1,MAIN,MICHAEL,50,36,100%,5,0.9,5.6,0.5,7-9,3.9,5.3,5.7,4.8,4.9,6,DISCRETE STRUCTURES,BD,EN,TTT
20097,CSCI,2830,1,JESSUP,ELIZABETH,22,16,100%,4.4,1.5,4.6,1.4,7-9,3.3,4.3,4.9,4.8,4.8,5.6,SP TPS-LIN ALG COMP SCI,BD,EN,TTT
20097,CSCI,3002,1,EISENBERG,MICHAEL,25,15,100%,5.1,0.7,5.1,1.2,4-6,4.6,5.1,4.8,3.6,4.5,5.9,DSS FOUNDATIONS,BD,EN,TTT
20097,CSCI,3104,10,BLACK,JOHN,24,16,100%,5.2,0.9,5.6,0.6,7-9,4.4,5.3,4.8,4.8,5.1,5.9,ALGORITHMS,BD,EN,TTT
20097,CSCI,3104,11,WAGLE,NEETI,10,6,100%,4.7,1.2,5.3,0.8,4-6,3.8,5,5.7,5.2,4.8,5.8,RECITATION,BD,EN,TA
20097,CSCI,3104,12,WAGLE,NEETI,14,7,100%,5.1,0.7,5.1,0.7,7-9,4.1,4.6,5.9,4,5,5.9,RECITATION,BD,EN,TA
20097,CSCI,3155,10,CHANG,BOR-YUH,18,11,100%,4.3,1.3,4.5,1.6,10-12,3.7,4.1,5.7,5.2,5.1,5.9,PRINCIP OF PROG LANGS,BD,EN,TTT
20097,CSCI,3155,11,ZHENG,CHENYU,7,0,,,,,,,,,,,,,RECITATION,BD,EN,TA
20097,CSCI,3155,12,ZHENG,CHENYU,11,2,50%,3,,2.5,0.7,10-12,3,2,3.5,5,2.5,6,RECITATION,BD,EN,TA
20097,CSCI,3202,1,EISENBERG,MICHAEL,40,25,100%,4.9,1.1,5,1.1,7-9,4.9,5,4.9,5,4.8,6,INTRO ARTIFICIAL INTELL,BD,EN,TTT
20097,CSCI,3287,1,KING,ROGER,41,3,100%,3.7,0.6,4,1,7-9,4.3,4.3,4.3,4,3.3,6,DATABASES INFO SYSTEMS,BD,EN,TTT
20097,CSCI,3434,1,EHRENFEUCHT,ANDRZEJ,21,14,100%,4.4,0.6,4.9,0.8,4-6,3.7,4.6,4.7,4.3,4.1,5.9,THEORY OF COMPUTATION,BD,EN,TTT
20097,CSCI,3702,3,PALMER,MARTHA,31,19,100%,3.1,1.5,2.8,1.3,4-6,4,3.1,3.9,4.4,3.1,5.5,COGNITIVE SCIENCE,BD,EN,TTT
20097,CSCI,3702,3,KIM,ALBERT,31,18,100%,3.2,1.7,3.9,1.4,4-6,4.1,3.9,3.5,4.4,3.8,5.8,COGNITIVE SCIENCE,BD,EN,TTT
20097,CSCI,3702,4,KIM,ALBERT,23,10,100%,3.7,1.6,4.4,1.3,7-9,3.8,4.2,5.3,4.9,4.3,6,COGNITIVE SCIENCE,BD,EN,TTT
20097,CSCI,3702,4,PALMER,MARTHA,23,22,100%,4,1.4,4.1,1.5,4-6,4.6,4.2,4.9,4.5,4.1,5.9,COGNITIVE SCIENCE,BD,EN,TTT
20097,CSCI,4229,1,SCHREUDER,WILLEM,64,44,100%,5.4,0.7,5.7,0.6,7-9,4.6,5.5,5.2,4.6,5.3,5.9,COMPUTER GRAPHICS,BD,EN,OTH
20097,CSCI,4273,1,HAN,RICHARD,44,25,100%,5.3,0.8,5.4,0.6,10-12,4.9,4.8,5.3,5.1,5.3,5.9,NETWORK SYSTEMS,BD,EN,TTT
20097,CSCI,4308,10,SANDERS,BRUCE,62,46,100%,4.5,1.4,4.9,1.4,10-12,4.7,4.7,5.5,4.9,4.5,5.9,SOFTWARE ENG PROJECT 1,BD,EN,OTH
20097,CSCI,4308,11,COBB,GUY,62,46,100%,4.6,1.2,5.4,0.7,10-12,4.7,4.9,5.7,5,4.5,5.8,RECITATION,BD,EN,TA
20097,CSCI,4314,1,GOLDBERG,DEBRA,21,18,94%,4.4,1.3,4.5,1.3,4-6,4.6,4,5.1,4.3,4,5.9,ALGORITHMS: MOLECULARBIO,BD,EN,TTT
20097,CSCI,4342,1,ELLIS,CLARENCE,16,14,100%,4.6,1,5.2,1.1,4-6,4.2,4.9,4.9,4.3,4.9,5.9,GROUPWARE AND WORKFLOW,BD,EN,TTT
20097,CSCI,4448,1,ANDERSON,KENNETH,67,34,100%,4.9,1,5.2,0.8,7-9,4.4,4.9,5.3,4.3,4.6,5.9,OO ANALYSIS & DESIGN,BD,EN,TTT
20097,CSCI,4809,1,KING,ROGER,24,20,100%,4.3,1.2,4.5,1.3,7-9,4.8,4.4,4.7,4.3,4.7,5.8,COMPUTER ANIMATION,BD,EN,TTT
20097,CSCI,4830,6,CORRELL,NIKOLAUS,16,15,100%,4.7,0.9,4.8,0.9,7-9,5.1,5,5.6,4.2,4.4,6,TPC-MULTI-ROBOT SYSTEMS,BD,EN,TTT
20097,CSCI,5417,1,MARTIN,JAMES,32,26,100%,5.3,1,5.6,0.8,7-9,4.2,5.4,5.4,4.7,4.9,5.9,INFORMATION RETRIEVAL,BD,EN,TTT
20097,CSCI,5444,1,EHRENFEUCHT,ANDRZEJ,9,8,100%,4.1,1.4,4.5,1.6,4-6,4.1,4.5,5.4,3.8,4,5.7,INTRO TO THEORY OF COMP,BD,EN,TTT
20097,CSCI,5573,1,MISHRA,SHIVAKANT,13,13,100%,4.6,1.3,4.5,1.3,7-9,4.9,4.5,4.7,4.8,4.8,5.8,ADV OPERATING SYSTEMS,BD,EN,TTT
20097,CSCI,5606,1,JESSUP,ELIZABETH,8,5,100%,4.8,1.3,5.2,0.8,10-12,3.6,4.6,5.2,5.6,5.4,6,PRIN OF NUM COMPUTATION,BD,EN,TTT
20097,CSCI,5622,2,NIELSEN,RODNEY,23,18,100%,4.1,1.3,4.2,1.2,10-12,4.3,3.8,5.1,4.8,4.2,5.7,MACHINE LEARNING,BD,EN,OTH
20097,CSCI,5654,1,SANKARANARAYANAN,SR,9,9,100%,4.9,1.1,5,1.7,7-9,3.4,4.9,6,5,5.3,6,LINEAR PROGRAM,BD,EN,TTT
20097,CSCI,5919,1,PALEN,LEYSIA,13,13,100%,5.5,0.9,5.7,0.6,10-12,4.5,5.6,5.3,5.4,5.7,6,HUMAN COMPUTER INTERACTN,BD,EN,TTT
20097,CSCI,6000,1,GRUNWALD,DIRK,11,0,,,,,,,,,,,,,NEW PHD,BD,EN,TTT
20097,CSCI,6268,1,BLACK,JOHN,11,10,100%,5.7,0.5,5.8,0.4,4-6,5.4,5.6,5.3,5,5.2,5.9,NETWORK SECURITY,BD,EN,TTT
20097,CSCI,7000,4,LV,QIN,4,2,100%,5.5,0.7,5.5,0.7,13-15,5,5.5,6,5.5,5.5,6,SYST/ALG MSSVE DATA APPS,BD,EN,TTT
20094,CSCI,1300,100,LAMARCHE,JEFFREY,42,24,100%,4.5,1.1,4.9,1.2,13-15,4.1,4.3,5.5,4.9,4.7,6,COMP SCI I: PROGRAMMING,BD,EN,TA
20094,CSCI,2270,200,WHITE,ELIZABETH,35,26,100%,5,0.8,5.6,0.6,13-15,4.9,5.2,5.9,4.9,5,6,COMP SCI II: DATA STRUCT,BD,EN,OTH
20094,CSCI,4123,410,SANTOS,JOSE,8,3,100%,5.7,0.6,5.7,0.6,16+,5.7,5.7,5.7,6,5.3,6,NETWORK LAB,BD,EN,OTH
20094,CSCI,4123,411,SANTOS,JOSE,8,3,100%,5.7,0.6,5.7,0.6,16+,5.7,5.7,5.7,5.7,5.7,6,LAB,BD,EN,OTH
20094,CSCI,4229,100,SCHREUDER,WILLEM,27,22,100%,5.5,0.7,5.5,0.7,16+,5,5.5,5.8,5.2,5.6,5.8,COMPUTER GRAPHICS,BD,EN,OTH
20094,CSCI,4830,200,MUNAKATA,TOSHINORI,16,10,100%,4.6,1.3,4.5,1.3,10-12,4.7,4.5,4.4,5.1,5,5.8,NON-SYMBOLIC AI,BD,EN,OTH
20091,CSCI,1240,1,EISENBERG,MICHAEL,37,17,100%,4.5,1,5.1,1.2,4-6,3.8,4.7,4.4,4.5,4.5,5.9,COMPUTATIONAL WORLD,BD,EN,TTT
20091,CSCI,1300,100,MAIN,MICHAEL,182,110,99%,4.7,1.1,5,1.1,7-9,4.1,4.6,5.3,4.6,5,5.9,COMP SCI I: PROGRAMMING,BD,EN,TTT
20091,CSCI,1300,101,MEYERS,JANE,12,6,100%,4.8,1,5.5,0.8,7-9,4.7,5,5.7,4.5,4.7,5.8,RECITATION,BD,EN,TA
20091,CSCI,1300,102,MEYERS,JANE,16,10,100%,4.9,0.9,5.2,1,7-9,4.2,4.6,4.9,4.5,5,6,RECITATION,BD,EN,TA
20091,CSCI,1300,103,CHEESEMAN,DAVID,23,14,100%,4.9,1.1,4.9,1.1,7-9,4,4.8,5.2,4.6,5.3,5.9,RECITATION,BD,EN,TA
20091,CSCI,1300,104,CHEESEMAN,DAVID,23,13,100%,4.8,0.9,5.5,0.8,7-9,3.8,5.1,4.9,4.2,4.8,6,RECITATION,BD,EN,TA
20091,CSCI,1300,105,CHEESEMAN,DAVID,23,8,100%,5,1.1,4.9,1.1,4-6,4.5,4.8,5.1,4.3,4.5,6,RECITATION,BD,EN,TA
20091,CSCI,1300,106,HOMAEI,HADJAR,22,10,100%,4.9,1,4.6,0.7,7-9,4.5,4.2,4.2,4.8,5.1,5.8,RECITATION,BD,EN,TA
20091,CSCI,1300,107,HOMAEI,HADJAR,19,9,100%,4.6,0.7,4.9,0.9,7-9,4.4,4.1,4.4,5.3,5,5.7,RECITATION,BD,EN,TA
20091,CSCI,1300,108,HUANG,YINGDAN,17,14,100%,4.4,0.8,4.1,1,10-12,4.1,3.9,4.5,4.7,4.4,5.8,RECITATION,BD,EN,TA
20091,CSCI,1300,109,HUANG,YINGDAN,17,6,100%,4.8,1.3,4.2,1.3,7-9,4.2,4.3,4.2,4.2,4.7,5.7,RECITATION,BD,EN,TA
20091,CSCI,1300,110,HUANG,YINGDAN,10,3,100%,5,1,5.7,0.6,13-15,5,4.7,5.7,3.7,5,6,RECITATION,BD,EN,TA
20091,CSCI,2270,10,MISHRA,SHIVAKANT,92,55,100%,3.8,1.2,3.7,1.5,7-9,4.8,3.4,4.1,4.2,4.5,5.6,COMP SCI II: DATA STRUCT,BD,EN,TTT
20091,CSCI,2270,11,GONZALES,HAROLD,18,6,100%,4.3,1.2,4.2,1.8,0-3,5.2,3.7,4,4,3.8,6,RECITATION,BD,EN,TA
20091,CSCI,2270,12,GONZALES,HAROLD,19,8,100%,3.9,1,4.4,1.6,7-9,4.9,4.1,4.8,4,4.1,5.6,RECITATION,BD,EN,TA
20091,CSCI,2270,13,GONZALES,HAROLD,19,12,100%,3.8,0.8,4.4,1,7-9,4.6,4.1,5,5.1,4.4,5.9,RECITATION,BD,EN,TA
20091,CSCI,2270,14,ZHENG,CHENYU,20,15,100%,3.3,1,3.5,1.6,4-6,4.8,3.1,3.8,4.7,3.7,5.5,RECITATION,BD,EN,TA
20091,CSCI,2270,15,ZHENG,CHENYU,16,4,100%,4.3,1,4.8,0.5,4-6,4.3,4,4.8,4.5,4.5,6,RECITATION,BD,EN,TA
20091,CSCI,2824,1,MAIN,MICHAEL,55,39,100%,4.5,1,5.4,0.7,7-9,3.5,4.6,5.8,4.7,4.6,5.9,DISCRETE STRUCTURES,BD,EN,TTT
20091,CSCI,3104,10,BLACK,JOHN,48,39,100%,5.2,0.9,5.6,0.7,7-9,4,5.3,5.1,5,5.3,5.9,ALGORITHMS,BD,EN,TTT
20091,CSCI,3104,11,ROBISON,JASON,34,17,94%,4.7,0.9,5.4,0.5,7-9,4.3,5.1,5.3,4.6,4.9,5.9,RECITATION,BD,EN,TA
20091,CSCI,3104,12,ROBISON,JASON,14,7,100%,5,1,5.1,1.9,4-6,3.7,4.6,5.7,4.9,5,5.3,RECITATION,BD,EN,TA
20091,CSCI,3112,801,LEWIS,CLAYTON,21,1,100%,6,,6,,0-3,4,6,6,4,5,6,DSS PROFESSIONAL DEV,BD,EN,TTT
20091,CSCI,3155,10,DIWAN,AMER,36,22,100%,5.5,0.6,5.7,0.6,7-9,4.5,5.5,5.5,4.9,5.1,6,PRINCIP OF PROG LANGS,BD,EN,TTT
20091,CSCI,3155,11,REICHENBACH,C,20,12,100%,5.1,0.8,5.6,0.7,7-9,4.3,5.3,5.6,5.1,5.1,5.9,RECITATION,BD,EN,TA
20091,CSCI,3155,12,REICHENBACH,C,16,10,100%,4.6,1.1,5.8,0.4,7-9,4,5.4,5.6,4.6,4.8,6,RECITATION,BD,EN,TA
20091,CSCI,3434,1,GOLDBERG,DEBRA,16,10,100%,5,0.8,5.3,0.7,7-9,3.2,4.7,5.5,4.7,4.9,6,THEORY OF COMPUTATION,BD,EN,TTT
20091,CSCI,3656,1,JESSUP,ELIZABETH,42,23,100%,3.7,1.4,3.9,1.5,4-6,3.5,3.9,4.5,4.9,4,5.9,NUMERICAL COMP 1,BD,EN,TTT
20091,CSCI,3753,10,NUTT,GARY,70,43,98%,3.6,1.6,3.7,1.6,7-9,4.1,3.6,4.4,4.3,3.7,5.8,OPERATING SYSTEMS,BD,EN,TTT
20091,CSCI,3753,11,DIXON,BRYAN,25,16,100%,2.8,1.3,2.9,1.5,4-6,3.5,2.4,3.9,3.6,3.3,5.7,RECITATION,BD,EN,TA
20091,CSCI,3753,12,DIXON,BRYAN,23,13,100%,2.8,1.4,2.9,1.7,7-9,4.1,2.3,4.6,4.1,3.6,5.9,RECITATION,BD,EN,TA
20091,CSCI,3753,13,DIXON,BRYAN,22,14,100%,2.5,1.2,2.7,1.5,4-6,4.3,2.4,4.4,3.1,2.2,5.4,RECITATION,BD,EN,TA
20091,CSCI,4113,1,SCHENK,CHRISTOPHER,68,53,98%,5.8,0.4,5.8,0.5,7-9,4.9,5.8,5.9,4.7,5.5,5.8,UNIX SYSTEM ADMIN,BD,EN,OTH
20091,CSCI,4123,10,SANTOS,JOSE,19,0,,,,,,,,,,,,,NETWORK LAB,BD,EN,OTH
20091,CSCI,4123,11,SANTOS,JOSE,19,0,,,,,,,,,,,,,LAB,BD,EN,OTH
20091,CSCI,4133,10,SICKER,DOUGLAS,7,1,100%,6,,6,,10-12,5,6,6,4,6,6,,BD,EN,TTT
20091,CSCI,4133,11,SICKER,DOUGLAS,7,0,,,,,,,,,,,,,,BD,EN,TTT
20091,CSCI,4318,10,SANDERS,BRUCE,49,29,100%,5.2,1.1,5.5,0.8,13-15,4.6,5.3,5.9,5,5.1,6,SOFTWARE ENG PROJECT 2,BD,EN,OTH
20091,CSCI,4318,11,COBB,GUY,35,21,95%,5.4,1,5.6,0.5,10-12,4.7,5.1,5.7,5,5.2,5.9,RECITATION,BD,EN,TA
20091,CSCI,4318,11,ROBINSON,BENJAMIN,14,7,100%,4.9,0.9,4.7,0.5,10-12,4.7,4.3,4.6,4.7,4.9,5.7,RECITATION,BD,EN,TA
20091,CSCI,4412,1,FISCHER,GERHARD,26,24,96%,4.1,1.3,4.3,1.5,4-6,4.1,4,4.7,3.8,3.9,5.7,DESIGN CREATIVITY,BD,EN,TTT
20091,CSCI,4446,1,BRADLEY,ELIZABETH,25,16,100%,5.8,0.4,5.9,0.3,7-9,5,5.8,5.8,5.4,5.7,6,CHAOTIC DYNAMICS,BD,EN,TTT
20091,CSCI,4753,1,GRUNWALD,DIRK,24,19,100%,4.9,0.9,5.3,0.9,10-12,4.5,5,4.7,4.8,4.9,5.8,COMP PERFORM MODELING,BD,EN,TTT
20091,CSCI,4810,1,GOLDBERG,DEBRA,3,2,100%,5.5,0.7,5.5,0.7,0-3,4.5,5.5,6,5,5.5,6,SEMINAR IN CB&HI,BD,EN,TTT
20091,CSCI,4830,4,LV,QIN,26,20,100%,4.5,1.4,4.5,1.5,7-9,4.8,4.3,4.8,4.7,4.4,5.6,DATA MINING,BD,EN,TTT
20091,CSCI,4830,5,LEWIS,CLAYTON,36,18,100%,4.6,1,4.9,1,7-9,4.9,4.6,5.1,3.7,4.2,5.7,TPC-GAME PROGRAMMING,BD,EN,TTT
20091,CSCI,4830,6,SCHREUDER,WILLEM,15,9,100%,5.6,0.5,5.7,0.5,7-9,5.7,5.9,5.2,5.3,5.6,6,ADV COMPUTER GRAPHICS,BD,EN,OTH
20091,CSCI,4838,3,PALEN,LEYSIA,48,45,100%,4.4,1.3,4.8,1.3,10-12,4,4.4,5.2,4.1,4.3,5.8,USER INTERFACE DESIGN,BD,EN,TTT
20091,CSCI,5454,1,EHRENFEUCHT,ANDRZEJ,26,22,100%,4,1.3,4.2,1.6,4-6,4.7,4.1,4.7,4.1,3.7,5.6,DESIGN ANLYS OF ALGOS,BD,EN,TTT
20091,CSCI,5535,1,CHANG,BOR-YUH,11,9,100%,5.4,0.7,5.6,0.5,13-15,4.1,5.4,5.6,5.6,5.6,5.9,FUND CONCEPTS/PROG LANG,BD,EN,TTT
20091,CSCI,5636,1,CAI,XIAO,10,7,100%,5.1,1.1,5.3,0.8,7-9,5,5.1,5.4,5.6,5.1,5.9,NUM SOL PART DIF EQUAT,BD,EN,TTT
20091,CSCI,5673,1,MISHRA,SHIVAKANT,15,1,100%,6,,5,,4-6,5,6,4,5,5,6,DISTRIBUTED SYSTEMS,BD,EN,TTT
20091,CSCI,5817,1,KING,ROGER,21,15,100%,4.3,1.5,4.7,1.3,4-6,3.9,4.4,5.5,4.4,4.3,5.9,DATABASE SYSTEMS,BD,EN,TTT
20091,CSCI,5828,1,ANDERSON,KENNETH,25,16,100%,4.9,0.9,5.1,0.9,7-9,4.8,4.8,5.3,4.4,4.8,5.9,FOUNDATIONS/SFTWARE ENGR,BD,EN,TTT
20091,CSCI,5832,1,MARTIN,JAMES,43,30,100%,5.1,1,5.5,0.9,4-6,4.4,5.4,5.3,5,5.1,6,NATURAL LANG PROCESSING,BD,EN,TTT
20091,CSCI,7818,2,SIEK,JEREMY,4,3,100%,5,1,5.3,0.6,7-9,3.7,6,5.3,5,5,5.7,REUSABLE COMPONENTS,BD,EN,TTT
20087,CSCI,1000,1,LEWIS,CLAYTON,57,40,100%,4.1,1.2,5.1,1,0-3,4.3,4.8,5,2.8,3.7,5.9,CS AS FIELD OF WK & STDY,BD,EN,TTT
20087,CSCI,1220,1,BENNETT,JOHN,78,55,100%,4.3,1.3,5,1.2,7-9,3.9,4.6,4.8,4.6,4.2,5.9,VR: INTRO TO COMP SCI,BD,EN,TTT
20087,CSCI,1300,10,NUTT,GARY,42,30,100%,4.8,1,4.9,1,7-9,5.2,4.6,5.2,4.8,5,5.9,COMP SCI I: PROGRAMMING,BD,EN,TTT
20087,CSCI,1300,11,ROBISON,JASON,12,12,92%,4.7,0.6,4.9,1,7-9,4.8,4.8,5.2,4.8,5.1,5.6,REC,BD,EN,TA
20087,CSCI,1300,12,ROBISON,JASON,15,13,100%,5,0.9,5.5,0.7,4-6,4.7,5.2,5.3,4.2,4.8,5.9,REC,BD,EN,TA
20087,CSCI,1300,13,ROBISON,JASON,15,9,100%,4.9,0.3,5.3,0.5,4-6,5.3,5,5.1,4.2,4.7,6,REC,BD,EN,TA
20087,CSCI,1300,100,LEWIS,CLAYTON,115,51,100%,4.5,1.2,4.9,1.2,10-12,4.5,4.8,5,5,4.9,6,COMP SCI I: PROGRAMMING,BD,EN,TTT
20087,CSCI,1300,101,MEYERS,JANE,4,3,100%,5,0,5.3,0.6,10-12,4.7,5.3,4.7,4.7,5.3,6,RECITATION,BD,EN,TA
20087,CSCI,1300,102,MEYERS,JANE,9,6,100%,4.2,1.3,5.3,0.8,10-12,4.2,4.2,5,5.2,4.7,6,RECITATION,BD,EN,TA
20087,CSCI,1300,103,HOMAEI,HADJAR,24,14,100%,4.8,0.7,4.9,0.8,10-12,4.4,4.7,4.7,4.7,5.1,5.9,RECITATION,BD,EN,TA
20087,CSCI,1300,104,MEYERS,JANE,22,18,100%,4.2,1.6,4.8,1.5,10-12,4.6,4.4,4.6,4.9,4.7,5.9,RECITATION,BD,EN,TA
20087,CSCI,1300,105,CHEESEMAN,DAVID,19,9,100%,4.8,0.8,4.8,0.4,7-9,4.3,4.7,4.8,4.8,5,5.9,RECITATION,BD,EN,TA
20087,CSCI,1300,106,CHEESEMAN,DAVID,25,15,93%,4.9,1,5.3,0.5,7-9,4.6,5.1,5.2,5.4,5.1,5.9,RECITATION,BD,EN,TA
20087,CSCI,1300,107,HOMAEI,HADJAR,8,4,100%,5.5,1,5.3,0.5,10-12,4.5,5,4.3,5.3,5.5,5.8,RECITATION,BD,EN,TA
20087,CSCI,1300,108,HOMAEI,HADJAR,4,3,100%,3,1,4.3,0.6,13-15,3.7,4.3,5.3,4.3,4,5.7,RECITATION,BD,EN,TA
20087,CSCI,2270,10,MAIN,MICHAEL,86,62,98%,5,1,5.4,0.9,10-12,4.7,5,5.5,4.6,5,5.9,COMP SCI II: DATA STRUCT,BD,EN,TTT
20087,CSCI,2270,11,BAUER,KEVIN,15,9,100%,4.7,1.2,5.4,0.7,7-9,4.7,4.9,5.4,4.8,4.8,5.9,RECITATION,BD,EN,TA
20087,CSCI,2270,12,GONZALES,HAROLD,16,8,100%,5.3,1,5,1.2,10-12,4.8,4.8,5.1,5.1,5.5,5.9,RECITATION,BD,EN,TA
20087,CSCI,2270,13,GONZALES,HAROLD,18,15,100%,4.7,1.1,5.3,0.7,10-12,4.9,4.6,5.4,4.9,4.9,6,RECITATION,BD,EN,TA
20087,CSCI,2270,14,BAUER,KEVIN,20,13,100%,4.8,0.7,4.9,1,7-9,4.6,4.7,4.9,4,4.2,5.8,RECITATION,BD,EN,TA
20087,CSCI,2270,15,BAUER,KEVIN,17,9,100%,5.1,0.6,5.4,0.5,7-9,4.4,4.9,5.3,5,5.3,5.9,REC,BD,EN,TA
20087,CSCI,2400,20,GRUNWALD,DIRK,42,33,100%,5,1,5.4,0.7,10-12,4.4,5.1,5.3,5.5,5.3,5.8,COMPUTER SYSTEMS,BD,EN,TTT
20087,CSCI,2400,21,DIXON,BRYAN,16,14,100%,4.4,1.3,2.9,1.1,7-9,4.6,2.8,4,4.8,4.5,5.4,REC,BD,EN,TA
20087,CSCI,2400,22,DIXON,BRYAN,17,12,100%,3.4,1.8,3.2,1.9,7-9,4.2,2.8,4.9,4.5,3.5,5.7,REC,BD,EN,TA
20087,CSCI,2400,23,DIXON,BRYAN,9,9,100%,4.2,1.2,3.2,1.6,10-12,4.3,3.2,4.1,5.6,5.2,5.4,REC,BD,EN,TA
20087,CSCI,2830,1,BYRD,RICHARD,33,23,100%,3.9,1.1,3.9,1.4,4-6,3.1,3.5,4.7,3.7,4.1,5.5,SP TPS-LIN ALG COMP SCI,BD,EN,TTT
20087,CSCI,3002,1,FISCHER,GERHARD,17,16,100%,3.6,1.3,3.7,1.4,4-6,3.8,3.6,4.7,3.1,3.4,5.3,DSS FOUNDATIONS,BD,EN,TTT
20087,CSCI,3104,10,BLACK,JOHN,53,37,100%,4.8,1.2,5.5,1,7-9,4.4,5.1,5,5.2,5.2,5.9,ALGORITHMS,BD,EN,TTT
20087,CSCI,3104,11,WAGLE,NEETI,28,16,100%,4.4,1.1,4.7,1.2,7-9,4.1,4.1,5.2,5.2,4.6,5.9,RECITATION,BD,EN,TA
20087,CSCI,3104,12,WAGLE,NEETI,25,18,100%,5.3,1,5.1,1.3,7-9,4.1,5,5.7,5.6,5.4,6,RECITATION,BD,EN,TA
20087,CSCI,3112,801,LEWIS,CLAYTON,5,5,100%,4.6,1.7,5.2,0.8,0-3,4.8,5.2,4.8,3.4,3.8,6,DSS PROFESSIONAL DEV,BD,EN,TTT
20087,CSCI,3112,802,LEWIS,CLAYTON,2,1,100%,5,,6,,4-6,5,5,6,4,5,6,DSS PROFESSIONAL DEV,BD,EN,TTT
20087,CSCI,3155,10,MAIN,MICHAEL,25,17,100%,5.1,0.7,5.5,0.6,7-9,4.3,4.8,5.6,4.8,4.9,6,PRINCIP OF PROG LANGS,BD,EN,TTT
20087,CSCI,3155,11,HUANG,YINGDAN,13,12,100%,3.8,1.6,3.7,1.4,7-9,3.7,3.4,5.1,5.2,4.4,5.8,RECITATION,BD,EN,TA
20087,CSCI,3155,12,HUANG,YINGDAN,12,2,100%,4.5,0.7,5.5,0.7,4-6,4,3.5,5.5,4.5,5,6,RECITATION,BD,EN,TA
20087,CSCI,3202,1,BETHARD,STEVEN,58,41,98%,5.2,0.8,5.5,0.6,7-9,5,5.1,5.7,4.7,5.1,6,INTRO ARTIFICIAL INTELL,BD,EN,OTH
20087,CSCI,3287,1,KING,ROGER,48,16,100%,3.2,1.4,3.2,1.5,7-9,4.4,2.8,4.1,4.6,3.4,5.5,DATABASES INFO SYSTEMS,BD,EN,TTT
20087,CSCI,3308,10,DIWAN,AMER,74,50,100%,5.1,1,5.3,1.2,7-9,4.6,5.2,5.4,4.4,5.1,5.9,SOFTWARE ENG METHODS,BD,EN,TTT
20087,CSCI,3308,12,REICHENBACH,C,20,15,100%,5,0.8,5.4,0.9,4-6,4.4,4.9,5.3,4.3,5.1,6,LAB,BD,EN,TA
20087,CSCI,3308,13,ZHENG,CHENYU,20,13,100%,4.4,0.9,4.2,1,4-6,4.2,3.5,4.6,3.8,4.2,6,LAB,BD,EN,TA
20087,CSCI,3308,14,ZHENG,CHENYU,19,15,100%,4.7,1.1,4.2,1.5,7-9,4.7,3.9,4.3,4.4,4.8,5.8,LAB,BD,EN,TA
20087,CSCI,3308,15,REICHENBACH,C,15,6,100%,4.7,0.5,5.3,1,4-6,4.7,5.2,5.2,4.7,4.8,6,LAB,BD,EN,TA
20087,CSCI,3434,1,EHRENFEUCHT,ANDRZEJ,21,15,100%,5.1,1,5.3,0.8,4-6,3.7,4.8,5.1,4.1,4.8,6,THEORY OF COMPUTATION,BD,EN,TTT
20087,CSCI,3702,1,MOZER,MICHAEL,23,22,100%,4.6,1.3,5.4,1,7-9,4.9,5,5.4,5.2,4.7,5.9,COGNITIVE SCIENCE,BD,EN,TTT
20087,CSCI,3702,1,RUPERT,ROBERT,23,21,100%,4.2,1.6,5.2,1.2,7-9,4.5,4.6,5.2,5.4,4.5,6,COGNITIVE SCIENCE,BD,EN,TTT
20087,CSCI,3702,2,RUPERT,ROBERT,28,7,86%,5,0.9,5.8,0.4,7-9,4.5,5.5,6,4.8,5,6,COGNITIVE SCIENCE,BD,EN,TTT
20087,CSCI,3702,2,MOZER,MICHAEL,28,8,88%,4.1,1.5,5.6,0.8,4-6,3.7,4.9,5.7,4.9,4,6,COGNITIVE SCIENCE,BD,EN,TTT
20087,CSCI,4123,30,SANTOS,JOSE,19,0,,,,,,,,,,,,,NETWORK LAB,BD,EN,OTH
20087,CSCI,4123,31,SANTOS,JOSE,19,0,,,,,,,,,,,,,LAB,BD,EN,OTH
20087,CSCI,4229,1,SCHREUDER,WILLEM,60,20,90%,5.4,0.6,5.8,0.4,7-9,4.9,5.4,5.6,4.8,5,5.9,COMPUTER GRAPHICS,BD,EN,OTH
20087,CSCI,4273,1,MISHRA,SHIVAKANT,35,17,100%,3.9,1.5,3.9,1.5,10-12,4.9,3.7,4.4,4.8,4.2,5.9,NETWORK SYSTEMS,BD,EN,TTT
20087,CSCI,4308,10,SANDERS,BRUCE,49,41,100%,4.2,1.3,4.7,1.3,7-9,4.6,4.4,5.4,4.8,4.1,5.9,SOFTWARE ENG PROJECT 1,BD,EN,OTH
20087,CSCI,4308,11,COBB,GUY,35,28,96%,4.3,1.5,5.1,1,10-12,4.5,4.4,5.1,4.2,3.9,5.9,RECITATION,BD,EN,TA
20087,CSCI,4308,11,ROBINSON,BENJAMIN,14,13,92%,4.4,1.4,4,1.1,7-9,4.8,3.7,3.8,4.7,4.3,5.8,RECITATION,BD,EN,TA
20087,CSCI,4312,1,SIEK,KATIE,13,12,100%,4.8,0.9,5.3,1,4-6,4.3,5.2,5.5,4.3,4.6,6,MEDICAL INFORMATICS,BD,EN,TTT
20087,CSCI,4314,1,GOLDBERG,DEBRA,12,9,100%,3.3,1.2,3.6,1.2,10-12,4.4,3.9,4.9,5,3.9,5.9,ALGORITHMS: MOLECULARBIO,BD,EN,TTT
20087,CSCI,4342,1,ELLIS,CLARENCE,6,6,100%,5.3,0.5,5.7,0.5,4-6,4.3,5.3,5.5,4.2,5,6,GROUPWARE AND WORKFLOW,BD,EN,TTT
20087,CSCI,4448,1,ANDERSON,KENNETH,47,27,100%,5.3,0.9,5.6,0.6,7-9,4.5,5.3,5.5,4.5,5,5.9,OO ANALYSIS & DESIGN,BD,EN,TTT
20087,CSCI,4576,10,WOITASZEK,MATTHEW,18,13,100%,5,0.7,5.3,0.6,13-15,5.2,5,5.8,5.1,5,5.7,HIGH-PERF SCI COMP 1,BD,EN,OTH
20087,CSCI,4576,11,WOITASZEK,MATTHEW,18,12,100%,4.8,0.6,4.7,0.9,13-15,5.3,4.8,5.5,5,4.9,5.7,LAB,BD,EN,OTH
20087,CSCI,4809,1,KING,ROGER,33,20,95%,3.9,1.6,3.7,2,4-6,5.1,4.1,4.7,3.1,3.8,5.8,COMPUTER ANIMATION,BD,EN,TTT
20087,CSCI,4830,3,EISENBERG,MICHAEL,11,10,100%,5.3,1.1,5.3,0.8,4-6,4.5,5.5,5.4,5.2,4.9,5.8,SP TPS-COMP GEOMETRIES,BD,EN,TTT
20087,CSCI,5444,1,EHRENFEUCHT,ANDRZEJ,18,5,100%,4.6,1.1,4.8,1.6,4-6,3.6,4.6,5.6,4,4,6,INTRO TO THEORY OF COMP,BD,EN,TTT
20087,CSCI,5573,1,GRUNWALD,DIRK,13,10,100%,5.4,0.7,5.7,0.7,7-9,5.2,5.8,4.9,4.9,5.3,5.9,ADV OPERATING SYSTEMS,BD,EN,TTT
20087,CSCI,5576,10,TUFO,HENRY,18,13,100%,5,0.7,4.8,0.8,13-15,5.2,4.8,5.2,5.2,5,5.7,HIGH-PERF SCI COMPUTING,BD,EN,TTT
20087,CSCI,5606,1,BYRD,RICHARD,16,12,100%,4.6,1.6,4.9,1.6,10-12,3.9,4.4,5.2,4.8,4.5,5.2,PRIN OF NUM COMPUTATION,BD,EN,TTT
20087,CSCI,5622,1,GRUDIC,GREGORY,35,31,94%,4.9,0.9,5.1,0.8,7-9,5.1,4.8,4.8,4.9,5,5.9,MACHINE LEARNING,BD,EN,TTT
20087,CSCI,5646,1,JESSUP,ELIZABETH,11,10,100%,5.3,0.7,5.8,0.4,7-9,5,5.1,5.7,5.4,4.8,6,NUMERICAL LINEAR ALGEBRA,BD,EN,TTT
20087,CSCI,6000,1,BLACK,JOHN,14,12,100%,4.8,1.3,5.4,0.7,0-3,4.3,4.9,5.3,3.7,4.6,6,NEW PHD,BD,EN,TTT
20087,CSCI,7000,1,MARTIN,JAMES,16,14,100%,5.1,0.6,5.4,0.6,7-9,5,5.4,5.3,4.5,4.9,5.7,TP-INFORMATION RETRIEVAL,BD,EN,TTT
20087,CSCI,7000,2,FISCHER,GERHARD,10,9,100%,4.1,1.2,3.9,1.1,7-9,5,4.3,3.9,3.2,4.1,5.4,DIGITAL & SOCIAL SYSTEMS,BD,EN,TTT
20087,CSCI,7000,4,LV,QIN,7,6,100%,5.3,1.2,5.3,1.6,10-12,5.3,5.2,5.8,5.2,5.2,5.8,SYST/ALG MSSVE DATA APPS,BD,EN,TTT
20087,CSCI,7000,5,PALEN,LEYSIA,12,12,100%,5.3,0.7,5.8,0.4,10-12,4.3,5.8,4.9,4.5,5.6,5.9,HCI: SURVEY & SYNTHESIS,BD,EN,TTT
20087,CSCI,7135,1,DIWAN,AMER,6,6,100%,4.5,0.8,5,0.6,10-12,4.3,4.2,4.8,5.8,4.5,5.5,PROGRAM ANALYSIS,BD,EN,TTT
20087,CSCI,7176,1,CAI,XIAO,7,7,100%,5.6,0.5,5.9,0.4,7-9,5.6,5.9,6,5.1,5.3,6,RCT DEV NUMMETH PAR DFEQ,BD,EN,TTT
20087,CSCI,7422,1,PALMER,MARTHA,4,4,100%,6,0,6,0,4-6,5.8,6,5.8,5.5,5.5,6,COG SCI RSRCH PRAC 2,BD,EN,TTT
20087,CSCI,7818,1,ANDERSON,KENNETH,14,12,100%,5.1,1,5.5,0.8,7-9,5,5.1,5.3,4.5,4.6,5.8,TPCS/SOFTWARE ENGINEER,BD,EN,TTT
20084,CSCI,1300,100,LAMARCHE,JEFFREY,30,0,,,,,,,,,,,,,COMP SCI I: PROGRAMMING,BD,EN,OTH
20084,CSCI,1300,101,LAMARCHE,JEFFREY,30,25,100%,4.8,1,4.8,1.2,13-15,4.7,4.4,5.5,4.9,4.9,5.9,RECITATION,BD,EN,OTH
20084,CSCI,2270,200,WHITE,ELIZABETH,30,22,100%,5,0.7,5.6,0.7,16+,4.7,5.3,5.5,5,5.1,6,COMP SCI II: DATA STRUCT,BD,EN,TA
20084,CSCI,3155,100,JIANG,YIFEI,12,0,,,,,,,,,,,,,PRINCIP OF PROG LANGS,BD,EN,OTH
20084,CSCI,3155,101,JIANG,YIFEI,12,11,100%,4.2,1.3,4,1.3,13-15,4.3,4,4.7,4,4.5,5.8,RECITATION,BD,EN,OTH
20084,CSCI,4229,100,SCHREUDER,WILLEM,23,14,100%,5.5,0.7,5.7,0.5,13-15,5,5.6,5.6,4.9,5.6,5.9,COMPUTER GRAPHICS,BD,EN,OTH
20081,CSCI,1240,1,EISENBERG,MICHAEL,30,12,100%,5.1,0.8,5.8,0.5,4-6,4.8,5.2,5,4.7,5,5.9,COMPUTATIONAL WORLD,BD,EN,TTT
20081,CSCI,1300,100,LEWIS,CLAYTON,197,64,100%,4.1,1.3,4.4,1.4,10-12,4.3,4.4,4.8,4.8,4.4,5.8,COMP SCI I: PROGRAMMING,BD,EN,TTT
20081,CSCI,1300,101,GALLAGHER,SUZANNE,18,5,100%,3.6,1.7,3.8,1.1,7-9,4.2,3.8,4.2,4.8,4.2,5.2,REC,BD,EN,TA
20081,CSCI,1300,102,GALLAGHER,SUZANNE,19,13,100%,4.2,0.9,4.5,0.9,4-6,4.2,3.8,4.8,4.7,4.4,6,REC,BD,EN,TA
20081,CSCI,1300,103,KOH,KYU,20,5,100%,3.6,1.8,4.2,1.3,10-12,4.2,3.4,4.4,3.6,4.3,5.8,REC,BD,EN,TA
20081,CSCI,1300,104,KOH,KYU,23,9,100%,4.2,1.6,4.3,1.1,7-9,4.2,3.8,4.8,4.1,4.1,5.4,REC,BD,EN,TA
20081,CSCI,1300,105,KOH,KYU,20,6,100%,4,0.6,4,0.9,7-9,5.2,3.8,4.5,3.5,3.7,5.3,REC,BD,EN,TA
20081,CSCI,1300,106,HUANG,YINGDAN,20,3,100%,4.3,0.6,3.7,1.2,4-6,5,4,3.7,4.3,4.7,6,REC,BD,EN,TA
20081,CSCI,1300,107,HUANG,YINGDAN,19,4,100%,4,0.8,4.3,1,4-6,3.8,3.5,4,4.8,4.5,6,REC,BD,EN,TA
20081,CSCI,1300,108,HUANG,YINGDAN,20,6,100%,4.5,1.4,3.8,2.1,10-12,4.3,3.5,4.8,5.2,4.3,5.2,REC,BD,EN,TA
20081,CSCI,1300,109,HUANG,YINGDAN,19,8,100%,4,1.7,5,1.4,7-9,3.4,4.5,5.1,5.3,4.1,5.9,REC,BD,EN,TA
20081,CSCI,1300,110,GALLAGHER,SUZANNE,19,5,100%,4.4,1.9,5,1,10-12,5.4,4.2,4.4,4.8,5,5.8,REC,BD,EN,TA
20081,CSCI,2270,10,MISHRA,SHIVAKANT,85,46,100%,3.2,1.5,2.8,1.7,7-9,4.7,2.7,3.7,3.8,3.7,5.5,COMP SCI II: DATA STRUCT,BD,EN,TTT
20081,CSCI,2270,11,LAMARCHE,JEFFREY,17,5,100%,4.6,0.5,4.5,1.7,4-6,4.6,4,5.2,4.4,4.2,5.8,RECITATION,BD,EN,TA
20081,CSCI,2270,12,LAMARCHE,JEFFREY,16,7,100%,4.7,1,4.9,1.1,7-9,4.9,4.4,5.3,4.1,4.4,6,RECITATION,BD,EN,TA
20081,CSCI,2270,13,LAMARCHE,JEFFREY,18,8,100%,3.5,1.6,4.6,1.2,7-9,4.4,4,5.5,4.1,4.1,5.8,RECITATION,BD,EN,TA
20081,CSCI,2270,14,PFEIFFER,JOSPEH,17,9,100%,4.2,1,4.7,0.7,7-9,4.6,4.2,5,4.1,4.3,5.8,RECITATION,BD,EN,TA
20081,CSCI,2270,15,PFEIFFER,JOSPEH,17,4,100%,4.5,0.6,5,0.8,7-9,5.3,5,5.3,4.3,4.8,5.3,RECITATION,BD,EN,TA
20081,CSCI,2400,10,GRUNWALD,DIRK,28,23,100%,5,1.3,5.3,1.1,10-12,4.7,5.1,4.9,5.7,5.3,6,COMPUTER SYSTEMS,BD,EN,TTT
20081,CSCI,2400,11,MACFERRIN,MICHAEL,8,6,100%,5.5,0.5,5.7,0.5,7-9,5.3,5.5,5.5,5.3,5.3,6,REC,BD,EN,TA
20081,CSCI,2400,12,MACFERRIN,MICHAEL,20,9,100%,5.2,1,5.8,0.4,10-12,4.9,5.4,5.8,5.7,5.3,6,REC,BD,EN,TA
20081,CSCI,3104,10,GABOW,HAROLD,53,34,100%,3.2,1.3,3.3,1.5,7-9,4.1,3.1,4.5,5.2,3.8,5.5,ALGORITHMS,BD,EN,TTT
20081,CSCI,3104,11,NIE,SHUXIN,28,16,100%,3,1.2,3.5,1.2,7-9,3.4,3.2,4,4.7,3.7,5.7,RECITATION,BD,EN,TA
20081,CSCI,3104,12,NIE,SHUXIN,25,17,100%,2.8,1.3,2.9,1.3,7-9,4.1,2.5,4.2,4.9,3.5,4.9,RECITATION,BD,EN,TA
20081,CSCI,3155,10,DIWAN,AMER,43,34,100%,5.2,0.8,5.6,0.7,7-9,4.4,5.2,5.6,4.5,5.1,6,PRINCIP OF PROG LANGS,BD,EN,TTT
20081,CSCI,3155,12,KHAN,DANISH,25,9,100%,5.2,0.7,5.4,0.7,4-6,4.9,4.9,5.3,5.2,5.2,6,RECITATION,BD,EN,TA
20081,CSCI,3155,13,KHAN,DANISH,18,11,100%,4.6,1,4.5,1.2,4-6,4.6,4.1,5.3,4.4,4.5,5.9,REC,BD,EN,TA
20081,CSCI,3434,1,EHRENFEUCHT,ANDRZEJ,34,25,100%,4.8,1.4,4.9,1.5,4-6,3.9,5,4.8,4.1,4.7,5.9,THEORY OF COMPUTATION,BD,EN,TTT
20081,CSCI,3656,1,OVTCHINNIKOV,SERGUE,39,15,100%,4.7,1.2,5,1.1,7-9,4.1,4.5,5.5,4.5,4.7,5.8,NUMERICAL COMP 1,BD,EN,OTH
20081,CSCI,3753,10,HAN,RICHARD,57,31,100%,4.7,1,5.1,1,7-9,4.5,4.5,5.2,4.9,4.8,5.8,OPERATING SYSTEMS,BD,EN,TTT
20081,CSCI,3753,11,BEACH,AARON,21,0,,,,,,,,,,,,,REC,BD,EN,TA
20081,CSCI,3753,12,BEACH,AARON,16,0,,,,,,,,,,,,,RECITATION,BD,EN,TA
20081,CSCI,3753,13,BEACH,AARON,20,0,,,,,,,,,,,,,REC,BD,EN,TA
20081,CSCI,4113,1,SCHENK,CHRISTOPHER,62,34,100%,5.7,0.4,5.8,0.4,7-9,5.1,5.7,5.8,5.2,5.7,5.9,UNIX SYSTEM ADMIN,BD,EN,OTH
20081,CSCI,4273,1,GRUNWALD,DIRK,32,23,96%,3.9,1.2,3.9,1.4,10-12,4.6,4,3.7,4.7,4.5,5.9,NETWORK SYSTEMS,BD,EN,TTT
20081,CSCI,4314,800,GOLDBERG,DEBRA,19,17,100%,4.6,0.9,4.6,1,7-9,4.4,4.4,5.1,4.9,4.8,5.9,ALGORITHMS: MOLECULARBIO,BD,EN,TTT
20081,CSCI,4318,10,SANDERS,BRUCE,43,33,100%,4.5,1.2,5.1,1,13-15,4.8,4.8,5.7,5.2,5,5.8,SOFTWARE ENG PROJECT 2,BD,EN,OTH
20081,CSCI,4318,11,COBB,GUY,18,15,100%,4.5,1.2,5.1,0.8,13-15,4.9,4.5,5.4,5.2,5,5.9,RECITATION,BD,EN,TA
20081,CSCI,4318,11,SHIPLEY,KARIE,25,17,100%,4.4,1.2,3.5,1.7,16+,4.8,3.6,4.1,4.9,4.6,4.8,RECITATION,BD,EN,TA
20081,CSCI,4446,1,BRADLEY,ELIZABETH,15,11,100%,4.6,1.4,5.4,1.2,7-9,4.1,5,4.9,4.5,4.5,5.7,CHAOTIC DYNAMICS,BD,EN,TTT
20081,CSCI,4830,2,EISENBERG,MICHAEL,11,10,100%,5.5,0.5,5.8,0.4,10-12,4.3,5.6,5.8,4.4,4.7,6,SP TPS-THINGS THAT THINK,BD,EN,TTT
20081,CSCI,4830,3,LEWIS,CLAYTON,34,14,100%,4.2,1.2,4.8,1.1,7-9,5.2,4.2,4.7,3.9,3.8,5.9,TPC-CS-GAME PROGRAMMING,BD,EN,TTT
20081,CSCI,4830,3,REPENNING,ALEX,34,14,100%,4.2,1.2,5.1,1,7-9,5.2,4.6,4.4,4,3.9,5.9,TPC-CS-GAME PROGRAMMING,BD,EN,OTH
20081,CSCI,4830,5,MOZER,MICHAEL,36,13,100%,5.4,0.9,5.8,0.4,7-9,4.3,5.3,5.5,5.2,5.2,5.9,TPC-COGNITIVE MODELING,BD,EN,TTT
20081,CSCI,4830,5,JONES,MATTHEW,36,13,100%,5.5,0.7,5.6,0.7,7-9,4.2,5.3,5.5,5.2,5.3,5.9,TPC-COGNITIVE MODELING,BD,EN,TTT
20081,CSCI,4830,800,LEWIS,CLAYTON,15,7,100%,4.6,0.8,5.6,0.5,4-6,4.9,4.8,4.7,4.3,4.4,5.9,OPN SPC DEV MOBL PTLFRM,BD,EN,TTT
20081,CSCI,4838,800,SIEK,KATIE,16,16,100%,3.9,1,4.3,1.2,10-12,4.5,4,5.2,4.3,4.4,5.9,USER INTERFACE DESIGN,BD,EN,OTH
20081,CSCI,5454,1,GABOW,HAROLD,14,11,100%,5.5,0.8,5.5,0.9,10-12,4.9,5.1,5.8,5.6,5.4,5.8,DESIGN ANLYS OF ALGOS,BD,EN,TTT
20081,CSCI,5622,1,GRUDIC,GREGORY,25,23,100%,5,0.9,5,0.9,7-9,5.4,5.3,4.9,4.9,4.9,5.9,MACHINE LEARNING,BD,EN,TTT
20081,CSCI,5673,1,MISHRA,SHIVAKANT,22,10,100%,4.7,0.8,4.8,0.8,10-12,4.8,4.7,4.7,5.1,4.8,5.9,DISTRIBUTED SYSTEMS,BD,EN,TTT
20081,CSCI,5722,1,MULLIGAN,JANE,19,17,100%,4.5,1.4,4.5,1.5,10-12,4.9,4.3,5.3,5.1,4.7,5.8,COMPUTER VISION,BD,EN,OTH
20081,CSCI,5817,1,KING,ROGER,36,26,88%,4,1.5,3.8,1.4,7-9,4.2,4.1,5.1,3.8,3.8,6,DATABASE SYSTEMS,BD,EN,TTT
20081,CSCI,5828,1,ANDERSON,KENNETH,27,17,100%,5.1,1.1,5.6,0.7,7-9,4.4,5.1,5.8,4.8,5.1,5.9,FOUNDATIONS/SFTWARE ENGR,BD,EN,TTT
20081,CSCI,5832,1,MARTIN,JAMES,24,19,100%,5.1,0.8,5.3,1,7-9,4.6,5.2,4.4,5.2,5.3,5.8,NATURAL LANG PROCESSING,BD,EN,TTT
20081,CSCI,6686,1,BYRD,RICHARD,9,7,100%,5,0.8,5.4,0.5,7-9,4.9,5.3,5.9,5.3,5.3,5.9,NUM MTHDS/CONST OPTIMIZ,BD,EN,TTT
20081,CSCI,7000,1,BLACK,JOHN,4,2,100%,6,0,6,0,7-9,4.5,6,6,5,6,6,TPC-CRYTPOGRAPHY,BD,EN,TTT
20081,CSCI,7772,800,SUMNER,TAMARA,5,4,100%,5.3,1,5.5,0.6,0-3,5.5,5,5.3,4.8,4.8,6,TPCS-COGNITIVE SCIENCE,BD,EN,TTT
20077,CSCI,1000,1,LEWIS,CLAYTON,42,21,100%,3.6,1.5,4.1,1.5,0-3,4.4,4.1,4.9,2.6,3.4,5.9,CS AS FIELD OF WK & STDY,BD,EN,TTT
20077,CSCI,1220,1,BENNETT,JOHN,49,36,100%,5.1,0.9,5.7,0.5,4-6,3.9,5.3,5.3,5.1,5,5.9,VR: INTRO TO COMP SCI,BD,EN,TTT
20077,CSCI,1300,10,GRUNWALD,DIRK,45,20,100%,4.6,1.3,4.9,1.3,10-12,4.6,4.8,5.4,5,4.7,5.8,COMP SCI I: PROGRAMMING,BD,EN,TTT
20077,CSCI,1300,11,MACFERRIN,MICHAEL,15,9,100%,5.6,0.7,5.7,0.5,10-12,5.1,5.3,5.7,5.2,5.1,5.9,RECITATION,BD,EN,TA
20077,CSCI,1300,12,MACFERRIN,MICHAEL,15,9,100%,4.9,1.1,5.3,0.7,10-12,4.3,4.8,5.1,4.6,4.8,5.9,RECITATION,BD,EN,TA
20077,CSCI,1300,13,MACFERRIN,MICHAEL,15,12,100%,4.5,1,5.3,0.6,7-9,4.3,4.4,5.5,5,4.8,5.9,REC,BD,EN,TA
20077,CSCI,1300,100,LEWIS,CLAYTON,190,67,98%,4.1,1.2,4.4,1.2,10-12,4.2,4.3,5.2,4.8,4.8,5.8,COMP SCI I: PROGRAMMING,BD,EN,TTT
20077,CSCI,1300,101,HOENIGMAN,RHONDA,19,9,100%,4.1,1.1,4.1,1.3,10-12,4.1,3.7,4.4,4.2,4.6,5.9,REC,BD,EN,TA
20077,CSCI,1300,102,HUANG,YINGDAN,23,13,100%,4.1,1.5,4.5,1.3,10-12,4.3,3.7,4.9,4.4,4.5,5.7,REC,BD,EN,TA
20077,CSCI,1300,103,HUANG,YINGDAN,20,8,100%,4.3,0.7,4.1,1.5,7-9,3.6,3.3,4.6,4.4,4,5.6,REC,BD,EN,TA
20077,CSCI,1300,104,MARSHALL,PAUL,21,12,100%,4.8,1.1,5.7,0.8,7-9,3.8,4.8,5.3,5.3,5.3,5.8,REC,BD,EN,TA
20077,CSCI,1300,105,MARSHALL,PAUL,22,13,100%,4.3,1.4,5.2,1,7-9,4.8,4.4,5.1,4.9,4.5,5.8,REC,BD,EN,TA
20077,CSCI,1300,106,BEACH,AARON,20,13,100%,4.8,1.1,5.5,1,7-9,4.6,4.9,5.4,4.5,5.4,5.8,REC,BD,EN,TA
20077,CSCI,1300,107,BEACH,AARON,22,14,100%,4.4,1,5,1,10-12,4.1,4.9,5.1,5,5.1,5.9,REC,BD,EN,TA
20077,CSCI,1300,108,NIE,SHUXIN,21,11,100%,4.1,1.2,3.9,1.5,7-9,4.3,3.2,4.6,4.6,5,5.5,REC,BD,EN,TA
20077,CSCI,1300,109,NIE,SHUXIN,22,3,100%,4.3,0.6,4,1,10-12,4,4,4.3,3,3.7,6,REC,BD,EN,TA
20077,CSCI,2270,10,MAIN,MICHAEL,83,63,100%,5.1,1.1,5.5,1,10-12,5,5.3,5.5,5,5.1,5.8,COMP SCI II: DATA STRUCT,BD,EN,TTT
20077,CSCI,2270,11,WETZLER,PHILIP,22,16,100%,5.1,0.8,5.3,0.8,10-12,5.1,4.9,5.1,4.8,5.3,5.9,RECITATION,BD,EN,TA
20077,CSCI,2270,12,WETZLER,PHILIP,25,23,100%,5.1,0.8,5.3,0.9,10-12,5,4.7,5.2,5.1,5.1,5.9,RECITATION,BD,EN,TA
20077,CSCI,2270,13,LAMARCHE,JEFFREY,18,11,100%,4.8,0.4,5.2,1,7-9,4.6,4.6,4.9,4.5,5.2,5.8,REC,BD,EN,TA
20077,CSCI,2270,14,LAMARCHE,JEFFREY,18,14,100%,4.3,1.6,4.6,1.2,7-9,5.1,3.6,4.5,4.8,4.6,6,RECITATION,BD,EN,TA
20077,CSCI,2830,1,BYRD,RICHARD,29,15,100%,4.2,1.3,4.5,1.4,4-6,3.1,3.9,4.9,3.7,3.8,5.9,SP TPS-LIN ALG COMP SCI,BD,EN,TTT
20077,CSCI,3104,10,EHRENFEUCHT,ANDRZEJ,46,26,100%,4.7,1.1,4.8,1.3,7-9,4.5,4.8,5,4.4,4.8,5.9,ALGORITHMS,BD,EN,TTT
20077,CSCI,3104,11,GALLAGHER,SUZANNE,26,25,100%,4.4,1.2,4.4,1.1,7-9,4.4,4.2,4.9,4.7,4.8,5.7,RECITATION,BD,EN,TA
20077,CSCI,3104,12,GALLAGHER,SUZANNE,20,1,100%,5,,5,,10-12,5,5,6,6,6,6,REC,BD,EN,TA
20077,CSCI,3155,10,MAIN,MICHAEL,39,32,100%,4.3,1.1,5,1,7-9,4.3,4.6,5.3,4.8,4.6,5.9,PRINCIP OF PROG LANGS,BD,EN,TTT
20077,CSCI,3155,11,ANDERSON,ERIC,27,24,100%,4,1.3,4,1.4,7-9,4.2,4.1,4.6,4.5,4.4,5.5,RECITATION,BD,EN,TA
20077,CSCI,3155,12,ANDERSON,ERIC,12,11,100%,4.8,0.9,4.5,1.3,4-6,3.6,4.3,4.6,4.2,4.4,6,RECITATION,BD,EN,TA
20077,CSCI,3202,1,GRUDIC,GREGORY,55,42,100%,4,1.1,4.5,1.2,4-6,4.6,4.5,4.5,4,3.8,5.9,INTRO ARTIFICIAL INTELL,BD,EN,TTT
20077,CSCI,3287,1,KING,ROGER,50,30,100%,2.7,1.5,2.9,1.4,7-9,4,2.9,4.3,4.6,3.4,5.7,DATABASES INFO SYSTEMS,BD,EN,TTT
20077,CSCI,3308,10,DIWAN,AMER,47,29,100%,5.5,0.7,5.8,0.5,7-9,4.5,5.5,5.3,4.5,5.4,6,SOFTWARE ENG METHODS,BD,EN,TTT
20077,CSCI,3308,11,REICHENBACH,C,17,13,100%,5.2,1.5,5.5,1,7-9,4.2,4.8,5.5,4.3,5.2,6,LAB,BD,EN,TA
20077,CSCI,3308,12,REICHENBACH,C,16,16,100%,5.4,0.6,5.8,0.4,4-6,4.4,5.3,5.3,4.3,5.7,5.9,LAB,BD,EN,TA
20077,CSCI,3308,13,REICHENBACH,C,14,13,100%,5,1,5.1,0.7,7-9,4.1,5.1,5.5,4.3,5.1,6,LAB,BD,EN,TA
20077,CSCI,3434,1,GOLDBERG,DEBRA,11,9,100%,5.3,0.7,5.3,0.7,7-9,3.1,5.2,5.1,5,5.4,6,THEORY OF COMPUTATION,BD,EN,TTT
20077,CSCI,3702,1,MOZER,MICHAEL,27,14,100%,3.9,1.5,5.1,0.9,7-9,4.4,4.2,5.4,5.1,4.4,6,COGNITIVE SCIENCE,BD,EN,TTT
20077,CSCI,3702,2,RUPERT,ROBERT,21,21,100%,4.3,1.4,4.9,1.2,7-9,4.4,4.4,5.3,5.2,4.7,5.7,COGNITIVE SCIENCE,BD,EN,TTT
20077,CSCI,4229,1,SCHREUDER,WILLEM,58,25,100%,5.5,0.7,5.6,0.5,7-9,4.5,5.4,5.5,4.8,5.2,6,COMPUTER GRAPHICS,BD,EN,TTT
20077,CSCI,4273,1,MISHRA,SHIVAKANT,27,20,100%,4,1,3.9,1,10-12,4.6,3.8,4.6,4.5,4.3,5.7,NETWORK SYSTEMS,BD,EN,TTT
20077,CSCI,4308,10,SANDERS,BRUCE,43,40,100%,4.3,1.5,4.8,1.5,13-15,4.9,4.5,5.5,5.2,4.4,6,SOFTWARE ENG PROJECT 1,BD,EN,OTH
20077,CSCI,4308,11,COBB,GUY,18,18,100%,4.2,1.6,4.6,1.4,13-15,4.9,4.3,5.2,4.7,4.4,5.9,RECITATION,BD,EN,TA
20077,CSCI,4308,11,SHIPLEY,KARIE,25,21,95%,4.1,1.6,3.3,1.6,13-15,5,3.4,4.8,4.7,4,4.9,RECITATION,BD,EN,TA
20077,CSCI,4448,1,ANDERSON,KENNETH,54,29,100%,4.8,1.3,5,1.1,7-9,4.8,4.5,5.2,4.3,4.4,5.8,OO ANALYSIS & DESIGN,BD,EN,TTT
20077,CSCI,4576,10,COPE,J/VORAN,T,11,11,100%,4.8,1,5,1.1,13-15,5.2,4.7,5,5.2,5.3,6,,BD,CSCI,1
20077,CSCI,4576,11,WOITASZEK,MATTHEW,13,13,100%,4.8,1.2,5.2,1.1,13-15,5.2,5.2,5.5,5.2,5.2,5.9,LAB,BD,EN,TA
20077,CSCI,4830,1,KING,ROGER,23,11,91%,4.4,1.5,4.2,1.5,4-6,4.5,4.5,5.2,4.3,4.8,6,TPC-ANIMATION/EVERYONE,BD,EN,TTT
20077,CSCI,4838,1,PALEN,LEYSIA,20,18,100%,4.8,1.3,5.1,1.3,10-12,4.3,4.9,4.9,4.3,4.9,5.9,USER INTERFACE DESIGN,BD,EN,TTT
20077,CSCI,5444,1,EHRENFEUCHT,ANDRZEJ,28,17,100%,4.2,0.9,4.9,1.1,4-6,4,4.6,5.1,4.2,4.2,5.5,INTRO TO THEORY OF COMP,BD,EN,TTT
20077,CSCI,5535,1,DIWAN,AMER,14,12,100%,4.9,1.3,5.2,1.4,10-12,4.3,4.8,5.8,5.7,5.1,5.9,FUND CONCEPTS/PROG LANG,BD,EN,TTT
20077,CSCI,5576,10,TUFO,HENRY,19,13,100%,4.5,1.3,4.5,1.4,13-15,5,4.9,4.9,4.8,5.2,5.8,HIGH-PERF SCI COMPUTING,BD,EN,TTT
20077,CSCI,5576,11,TUFO,HENRY,19,0,,,,,,,,,,,,,LAB,BD,EN,TTT
20077,CSCI,5582,1,EISENBERG,MICHAEL,47,25,100%,5.3,0.7,5.5,0.8,7-9,4.8,5.6,4.7,4.8,5.2,5.9,ARTIFICIAL INTELLIGENCE,BD,EN,TTT
20077,CSCI,5606,1,BYRD,RICHARD,14,13,100%,4.9,1,5.2,0.9,7-9,4.9,4.8,5.3,4.5,4.8,6,PRIN OF NUM COMPUTATION,BD,EN,TTT
20077,CSCI,5654,1,GABOW,HAROLD,12,10,100%,5,1.1,5.2,0.8,10-12,4.6,4.9,5.7,5.8,5.2,5.9,LINEAR PROGRAM,BD,EN,TTT
20077,CSCI,6268,1,BLACK,JOHN,21,13,100%,5.5,0.7,5.5,1,10-12,5,5.5,5.3,5.5,5.5,5.5,NETWORK SECURITY,BD,EN,TTT
20077,CSCI,7000,2,MARTIN,JAMES,21,20,100%,5.1,1,5.3,1,4-6,4.6,5,4.3,4.6,5.1,5.7,TP-INFORMATION RETRIEVAL,BD,EN,TTT
20077,CSCI,7000,3,ELLIS,CLARENCE,11,10,100%,3.7,1.9,4,1.8,7-9,4,3.9,4.1,3.1,3.9,5.8,CUR TPS-GROUPWARE,BD,EN,TTT
20077,CSCI,7143,2,HAN,RICHARD,12,12,83%,5.2,0.6,5.6,0.5,10-12,5.2,5.4,5.4,5.1,5.3,5.8,TPC-MOBIL COMPUTING,BD,EN,TTT
20077,CSCI,7143,4,GRUNWALD,DIRK,3,1,100%,2,,6,,0-3,2,3,4,5,3,6,TPC-COMPUTER NETWORKS,BD,EN,TTT
20077,CSCI,7900,903,FISCHER,GERHARD,26,21,100%,3.2,1.5,3.8,1.5,0-3,4.1,3.8,4.8,2.7,3.2,5.3,,BD,EN,TTT
20074,CSCI,1300,100,SHERBA,SUSANNE,40,29,97%,4.5,1.3,4.7,1.3,13-15,4.3,4.3,5,4,4.6,5.7,COMP SCI I: PROGRAMMING,BD,EN,TTT
20074,CSCI,1300,101,SHERBA,SUSANNE,40,0,,,,,,,,,,,,,RECITATION,BD,EN,OTH
20074,CSCI,2270,200,WHITE,ELIZABETH,28,22,100%,4.7,0.9,5,0.9,13-15,4.4,4.9,5.5,4.8,4.7,6,COMP SCI II: DATA STRUCT,BD,EN,TA
20074,CSCI,3155,100,REICHENBACH,C,12,12,100%,4.8,0.8,5,1.2,16+,4.4,4.3,5.4,4.7,4.7,6,PRINCIP OF PROG LANGS,BD,EN,TA
20074,CSCI,3155,101,REICHENBACH,C,12,11,100%,4.8,0.9,5.1,1.2,10-12,4.5,4.5,5.5,4.6,4.6,5.9,REC,BD,EN,TA
20074,CSCI,3753,200,LIN,WANG,8,8,100%,4.3,1.3,4.5,1.3,16+,4.5,4.6,5.3,5.4,4.8,5.9,OPERATING SYSTEMS,BD,EN,TA
20071,CSCI,1200,10,SHERBA,SUSANNE,81,25,96%,3.8,1.4,4.5,1.6,4-6,3.7,3.7,5.1,3.6,4.1,5.6,INTRO TO COMPUTING,BD,EN,OTH
20071,CSCI,1200,12,HOMAEI,HADJAR,19,11,100%,3.3,1,3.5,1,4-6,3.2,3.1,4.5,3.6,3.5,5.8,RECITATION,BD,EN,TA
20071,CSCI,1200,13,HOMAEI,HADJAR,22,5,100%,4.4,0.9,5.2,0.8,4-6,4.2,3.8,5.2,3.8,4.6,5.8,RECITATION,BD,EN,TA
20071,CSCI,1200,14,HOMAEI,HADJAR,20,6,100%,3.8,0.4,4.2,0.8,4-6,4.2,3.2,4.7,3.7,4,5.7,RECITATION,BD,EN,TA
20071,CSCI,1200,15,HOMAEI,HADJAR,20,1,100%,6,,,,7-9,6,5,6,5,6,6,RECITATION,BD,EN,TA
20071,CSCI,1300,100,MAIN,MICHAEL,175,93,100%,4.8,1,5.2,1,7-9,4.1,4.9,5.4,4.4,4.9,5.8,COMP SCI I: PROGRAMMING,BD,EN,TTT
20071,CSCI,1300,112,GALLAGHER,SUZANNE,20,8,100%,4.8,0.9,4.6,0.9,7-9,4.4,4,5.4,4.6,5.1,5.9,RECITATION,BD,EN,TA
20071,CSCI,1300,113,GALLAGHER,SUZANNE,22,14,100%,4.4,1.1,4.4,1.2,7-9,4.1,3.9,4.9,4,4.6,5.9,RECITATION,BD,EN,TA
20071,CSCI,1300,114,MACFERRIN,MICHAEL,19,12,100%,4.9,0.9,5.3,0.8,7-9,3.5,4.6,5,4.3,4.7,5.8,RECITATION,BD,EN,TA
20071,CSCI,1300,115,MACFERRIN,MICHAEL,19,13,100%,4.9,0.6,5.5,0.5,4-6,3.9,4.9,4.9,4.5,5,6,RECITATION,BD,EN,TA
20071,CSCI,1300,116,MACFERRIN,MICHAEL,22,14,100%,4.6,1.4,5.6,0.6,4-6,3.9,4.7,5.1,4.7,4.8,5.9,RECITATION,BD,EN,TA
20071,CSCI,1300,120,CRUMLY,DANIEL,19,14,100%,5,0.7,5.6,0.5,4-6,4.5,5.2,5.5,4.7,4.9,6,RECITATION,BD,EN,TA
20071,CSCI,1300,121,CRUMLY,DANIEL,19,10,100%,4.6,1,5,1.1,4-6,3.7,4.9,4.9,3.9,4.7,5.8,RECITATION,BD,EN,TA
20071,CSCI,1300,122,GALLAGHER,SUZANNE,19,17,100%,4.5,1.1,4,1.4,4-6,4.3,3.9,4.4,3.9,4.1,5.2,RECITATION,BD,EN,TA
20071,CSCI,1300,123,CRUMLY,DANIEL,16,12,100%,5.1,0.8,5.7,0.5,4-6,4,5.3,5.8,4.5,5,6,RECITATION,BD,EN,TA
20071,CSCI,2270,10,MISHRA,SHIVAKANT,80,50,100%,3.9,1.1,3.7,1.2,7-9,5,3.3,4.5,4.2,4.1,5.9,COMP SCI II: DATA STRUCT,BD,EN,TTT
20071,CSCI,2270,11,DOERR,CHRISTIAN,20,6,100%,3.3,1.5,4.3,0.8,10-12,4.8,3.3,4.2,3.5,3.5,6,RECITATION,BD,EN,TA
20071,CSCI,2270,12,HUANG,YINGDAN,20,10,100%,4.2,0.8,4.8,1.1,4-6,4.7,4.4,4.9,4.2,4.6,5.7,RECITATION,BD,EN,TA
20071,CSCI,2270,14,DOERR,CHRISTIAN,20,12,100%,4.1,1.3,4.2,1.3,4-6,4.9,3.4,4.6,4.1,4.1,5.9,RECITATION,BD,EN,TA
20071,CSCI,2270,15,HUANG,YINGDAN,20,13,100%,4.5,1.3,4.8,1.2,4-6,5.1,4.7,4.7,5.3,5.2,5.7,RECITATION,BD,EN,TA
20071,CSCI,3104,10,GABOW,HAROLD,45,29,97%,4.4,1.3,4.1,1.6,7-9,4.4,3.9,5,4.9,4.4,5.8,ALGORITHMS,BD,EN,TTT
20071,CSCI,3104,11,NIE,SHUXIN,22,15,100%,3.7,1.5,3.6,1.9,7-9,4.1,3.5,4.4,4.3,3.9,5.6,RECITATION,BD,EN,TA
20071,CSCI,3104,12,NIE,SHUXIN,23,9,100%,4,1.5,3.2,1.2,7-9,4.9,3.2,3.3,4.6,3.9,5.4,RECITATION,BD,EN,TA
20071,CSCI,3155,10,MAIN,MICHAEL,34,20,95%,5,0.9,5.3,1,7-9,4.5,5,5.3,4.8,4.8,6,PRINCIP OF PROG LANGS,BD,EN,TTT
20071,CSCI,3155,11,WETZLER,PHILIP,12,7,100%,5.3,1,5.3,1,7-9,5.1,5.4,5.1,5.1,5.4,5.9,RECITATION,BD,EN,TA
20071,CSCI,3155,12,WETZLER,PHILIP,22,14,100%,3.9,1.4,5.2,0.9,7-9,3.9,4.8,4.9,4.4,4.1,5.9,RECITATION,BD,EN,TA
20071,CSCI,3434,1,EHRENFEUCHT,ANDRZEJ,39,33,100%,3.5,1.1,4.2,1.5,4-6,3.3,3.8,3.9,3.6,3.4,5.9,COMPUTER SCIENCE THRY 1,BD,EN,TTT
20071,CSCI,3656,1,BYRD,RICHARD,28,19,100%,4.1,1.2,4.5,1,4-6,2.9,3.8,4.4,4.4,4.2,5.7,NUMERICAL COMP 1,BD,EN,TTT
20071,CSCI,3753,10,NUTT,GARY,57,35,100%,4.1,1.3,4.3,1.4,10-12,4.3,4,4.5,4.5,4.5,5.7,OPERATING SYSTEMS,BD,EN,TTT
20071,CSCI,3753,12,LIN,WANG,24,18,94%,3.6,1.3,4,1.2,10-12,3.8,3.8,4.8,4.5,4.1,6,REC,BD,EN,TA
20071,CSCI,3753,13,LIN,WANG,17,14,100%,4.6,1.2,4.9,1.1,7-9,4.2,4.6,5.1,5.1,4.7,5.9,RECITATION,BD,EN,TA
20071,CSCI,3753,14,LIN,WANG,16,15,100%,4.5,1.2,5.1,0.8,7-9,4.8,4.8,5.4,4.7,4.7,5.7,RECITATION,BD,EN,TA
20071,CSCI,4113,1,SCHENK,CHRISTOPHER,61,46,100%,5.3,1,5.4,1.1,7-9,5,5.5,5.5,4.4,5,5.7,UNIX SYSTEM ADMIN,BD,EN,OTH
20071,CSCI,4202,1,MOZER,MICHAEL,2,1,100%,6,,6,,10-12,6,6,6,6,6,6,ARTIFICIAL INTELL 2,BD,EN,TTT
20071,CSCI,4273,1,HAN,RICHARD,29,6,100%,5,1.1,5.5,1.2,13-15,5,5.8,5,5.2,5.7,5.6,NETWORK SYSTEMS,BD,EN,TTT
20071,CSCI,4318,10,SANDERS,BRUCE,49,27,100%,4.2,1.6,4.5,1.4,13-15,4.7,4.2,5.7,4.8,4.8,5.8,SOFTWARE ENG PROJECT 2,BD,EN,OTH
20071,CSCI,4318,11,BEACH,AARON,49,14,100%,4.1,1.6,2.9,1.4,16+,4.8,2.8,2.5,4.2,4.4,5.6,RECITATION,BD,EN,TA
20071,CSCI,4318,11,SHIPLEY,KARIE,49,11,100%,4,1.7,3.5,1.8,13-15,4.6,3.2,4.6,4.5,4.6,5.4,RECITATION,BD,EN,TA
20071,CSCI,4753,1,GRUNWALD,DIRK,22,15,100%,4.6,0.6,4.8,0.8,7-9,3.5,4.5,3.8,4.1,4.6,5.9,COMP PERFORM MODELING,BD,EN,TTT
20071,CSCI,4830,1,EISENBERG,MICHAEL,9,3,100%,5,1,4.3,2.1,10-12,5.3,5,6,5.3,5.3,6,SP TPS-THINGS THAT THINK,BD,EN,TTT
20071,CSCI,4830,2,GOLDBERG,DEBRA,3,3,100%,5.7,0.6,5.3,0.6,7-9,4.3,5,5.5,5.7,6,5.5,SPECIAL TOPICS COMP SCI,BD,EN,TTT
20071,CSCI,4830,4,FISCHER,GERHARD,13,9,100%,2.9,1.6,3.4,1.6,7-9,3.3,3.2,5.1,3.6,3,5.1,TPC-DESIGN LRN COLLABOR,BD,EN,TTT
20071,CSCI,5454,1,GABOW,HAROLD,17,15,100%,4.8,0.7,4.9,1.2,10-12,4.7,4.6,5.3,5,4.5,5.9,DESIGN ANLYS OF ALGOS,BD,EN,TTT
20071,CSCI,5473,1,NUTT,GARY,10,8,100%,5.3,0.9,5.5,0.5,13-15,4.4,5.1,5.8,5.3,5,5.9,APPLIED OPER SYSTEMS,BD,EN,TTT
20071,CSCI,5817,1,KING,ROGER,38,27,96%,4.4,1.2,4.5,1.2,7-9,4.1,4.4,4.9,4.2,4.5,6,DATABASE SYSTEMS,BD,EN,TTT
20071,CSCI,5828,1,ANDERSON,KENNETH,30,24,100%,4.3,1.3,4.9,1.2,7-9,4.5,4.6,5,4,4.3,5.9,FOUNDATIONS/SFTWARE ENGR,BD,EN,TTT
20071,CSCI,5832,1,MARTIN,JAMES,29,24,100%,5.3,0.8,5.5,0.8,7-9,4.7,5.2,4.7,5.1,5.1,5.7,NATURAL LANG PROCESSING,BD,EN,TTT
20071,CSCI,6448,1,SIEK,JEREMY,24,10,100%,3.1,1.2,3.4,1.5,7-9,4.7,3.2,4.3,3.2,3.2,5.9,OO ANALYSIS & DESIGN,BD,EN,OTH
20071,CSCI,6676,2,BYRD,RICHARD,6,3,100%,5.3,0.6,5.3,0.6,7-9,5.3,5.3,5.3,5.7,5.3,5.3,NUM METHS UNCONSTD OPTM,BD,EN,TTT
20071,CSCI,7000,1,EISENBERG,MICHAEL,3,3,100%,5.7,0.6,6,0,7-9,5,6,6,5.3,5.3,6,TPC-THINGS THAT THINK,BD,EN,TTT
20071,CSCI,7000,5,SIEK,JEREMY,2,0,,,,,,,,,,,,,PRAC THEOREM/ISABEL/ISAR,BD,EN,OTH
20071,CSCI,7222,1,MOZER,MICHAEL,16,15,100%,5.1,1.1,5.4,1.1,7-9,5.1,5.3,5.3,5.5,4.9,5.9,TPCS NONSYMBOLIC AI,BD,EN,TTT
20071,CSCI,7422,800,SUMNER,TAMARA,6,6,100%,6,0,6,0,7-9,5.7,5.8,5.8,5.8,6,5.8,,BD,EN,TTT
20071,CSCI,7772,800,SUMNER,TAMARA,15,0,,,,,,,,,,,,,TPCS-COGNITIVE SCIENCE,BD,EN,TTT
20067,CSCI,1200,10,ELLIS,CLARENCE,60,28,96%,3.4,1.2,3.6,1.3,4-6,3.3,3.3,4.3,3.7,3.8,5.6,INTRO TO COMPUTING,BD,EN,TTT
20067,CSCI,1200,12,HOMAEI,HADJAR,12,0,,,,,,,,,,,,,RECITATION,BD,EN,TA
20067,CSCI,1200,13,HOMAEI,HADJAR,13,0,,,,,,,,,,,,,RECITATION,BD,EN,TA
20067,CSCI,1200,14,HOMAEI,HADJAR,16,0,,,,,,,,,,,,,RECITATION,BD,EN,TA
20067,CSCI,1200,15,NIE,SHUXIN,14,7,100%,3.3,1,3.4,1.5,4-6,2.6,2.4,4.4,4.1,4,5.7,RECITATION,BD,EN,TA
20067,CSCI,1200,17,NIE,SHUXIN,5,4,100%,3.3,1,3.3,1,4-6,4,2.5,4.5,3.5,3,5.5,RECITATION,BD,EN,TA
20067,CSCI,1300,10,NUTT,GARY,25,17,100%,4.6,1.2,5,0.9,7-9,5.3,4.4,5,4.6,4.7,5.8,COMP SCI I: PROGRAMMING,BD,EN,TTT
20067,CSCI,1300,11,MACFERRIN,MICHAEL,13,8,100%,4.5,1.3,5.4,0.7,7-9,5.1,5.1,5.5,4.4,4,6,REC,BD,EN,TA
20067,CSCI,1300,12,MACFERRIN,MICHAEL,12,9,100%,4.3,1,5.1,1.3,10-12,5.1,3.9,5.3,5,4.6,5.9,REC,BD,EN,TA
20067,CSCI,1300,20,GRUNWALD,DIRK,24,19,100%,5.4,0.6,5.7,0.5,7-9,5.4,5.4,5.4,4.7,5.5,5.9,COMP SCI I: PROGRAMMING,BD,EN,TTT
20067,CSCI,1300,21,MACFERRIN,MICHAEL,9,5,100%,5.6,0.5,5.8,0.4,7-9,5.2,5.2,5.8,4.8,5.4,6,RECITATION,BD,EN,TA
20067,CSCI,1300,22,MACFERRIN,MICHAEL,15,14,100%,5.4,0.6,5.5,0.5,4-6,5.4,5.3,5.4,4.8,5.4,5.9,RECITATION,BD,EN,TA
20067,CSCI,1300,100,SHERBA,SUSANNE,162,97,99%,4.3,1.2,4.5,1.3,7-9,4.4,4.2,4.8,4.2,4.5,5.8,COMP SCI I: PROGRAMMING,BD,EN,OTH
20067,CSCI,1300,101,GALLAGHER,SUZANNE,16,9,100%,4.7,1,5.1,1.4,4-6,4.7,4.4,5,4.2,5,5.4,RECITATION,BD,EN,TA
20067,CSCI,1300,102,GALLAGHER,SUZANNE,20,15,100%,4.5,0.9,4.5,1.1,7-9,4.8,4.3,5.1,4.3,5,5.5,RECITATION,BD,EN,TA
20067,CSCI,1300,104,GALLAGHER,SUZANNE,20,16,100%,3.9,0.8,4.3,1.2,4-6,4.2,3.6,4.4,4.9,4,5.7,RECITATION,BD,EN,TA
20067,CSCI,1300,105,CRUMLY,DANIEL,17,17,100%,4.5,0.9,5.3,0.8,4-6,4.1,4.5,5.1,4.5,4.6,5.8,RECITATION,BD,EN,TA
20067,CSCI,1300,106,CRUMLY,DANIEL,19,12,100%,4.7,1.1,5,1,4-6,4.7,5,5.1,4.5,4.9,5.7,RECITATION,BD,EN,TA
20067,CSCI,1300,107,CRUMLY,DANIEL,19,16,100%,4.3,1.1,5.3,0.7,4-6,4.3,4.8,5.1,4.1,3.8,5.9,RECITATION,BD,EN,TA
20067,CSCI,1300,108,HUANG,YINGDAN,18,15,100%,3.9,1.4,4.3,1.1,7-9,4.3,4,4.9,3.8,4.1,5.5,RECITATION,BD,EN,TA
20067,CSCI,1300,109,HUANG,YINGDAN,16,11,100%,4.4,1.2,4.1,1.5,4-6,4,4.1,4.6,4,4,5.6,RECITATION,BD,EN,TA
20067,CSCI,1300,110,HUANG,YINGDAN,17,12,100%,4.7,0.8,4.7,1.4,7-9,4.3,4.5,5.3,4.6,4.8,5.8,RECITATION,BD,EN,TA
20067,CSCI,2270,20,MAIN,MICHAEL,57,32,97%,5.3,0.8,5.7,0.5,7-9,4.6,5.3,5.3,4.6,5.2,5.9,COMP SCI II: DATA STRUCT,BD,EN,TTT
20067,CSCI,2270,21,WETZLER,PHILIP,15,5,100%,5.2,0.8,5.4,0.9,7-9,4.6,4.8,4.8,4.8,5,5.8,REC,BD,EN,TA
20067,CSCI,2270,22,WETZLER,PHILIP,14,7,100%,5.4,0.8,5.7,0.8,4-6,5.3,5.7,5.3,4.6,5,6,REC,BD,EN,TA
20067,CSCI,2270,23,WETZLER,PHILIP,15,9,100%,5.4,0.5,5.7,0.5,7-9,5.1,5,5.6,4.9,5.2,6,REC,BD,EN,TA
20067,CSCI,2270,24,WETZLER,PHILIP,13,6,100%,4.8,1,5.3,1.2,7-9,5.2,4.5,5.2,4.2,4.2,6,REC,BD,EN,TA
20067,CSCI,2830,1,SIEK,JEREMY,11,6,100%,5.2,0.8,5.7,0.5,0-3,5.2,5.3,5.8,2.3,4.7,6,SP TPS-INTRO COMP SCI,BD,EN,OTH
20067,CSCI,3104,10,BLACK,JOHN,35,26,100%,4.9,1.3,5.5,0.6,7-9,4.2,5.1,5.1,5.3,4.9,5.9,ALGORITHMS,BD,EN,TTT
20067,CSCI,3104,11,COCHRAN,MARTIN,17,0,,,,,,,,,,,,,RECITATION,BD,EN,TA
20067,CSCI,3104,13,COCHRAN,MARTIN,18,0,,,,,,,,,,,,,RECITATION,BD,EN,TA
20067,CSCI,3155,10,MAIN,MICHAEL,44,31,100%,4.3,1.2,5.2,0.8,10-12,3.6,4.4,5.6,4.5,4.6,5.8,PRINCIP OF PROG LANGS,BD,EN,TTT
20067,CSCI,3155,11,LIN,WANG,30,14,100%,4.3,1.3,4.8,1.5,7-9,3.7,4.2,5.1,4.6,4.1,5.8,REC,BD,EN,TA
20067,CSCI,3155,12,LIN,WANG,14,2,100%,5,1.4,6,0,7-9,5.5,6,6,5,5.5,6,REC,BD,EN,TA
20067,CSCI,3202,1,GRUDIC,GREGORY,41,26,96%,2.6,1.4,2.8,1.5,4-6,4.8,2.5,3.8,4.5,2.8,5.7,INTRO ARTIFICIAL INTELL,BD,EN,TTT
20067,CSCI,3287,1,KING,ROGER,44,25,100%,4.2,1.3,4.2,1.5,7-9,4,4.2,4.8,4.3,4.2,5.2,DATABASES INFO SYSTEMS,BD,EN,TTT
20067,CSCI,3308,10,ANDERSON,KENNETH,38,18,100%,4.7,1.2,4.9,1.1,4-6,4.4,4.8,4.8,3.9,4.7,5.8,SOFTWARE ENG METHODS,BD,EN,TTT
20067,CSCI,3308,11,DOERR,CHRISTIAN,15,0,,,,,,,,,,,,,LAB,BD,EN,TA
20067,CSCI,3308,13,DOERR,CHRISTIAN,16,12,100%,4.8,0.8,4.6,0.8,0-3,4.1,4.6,3.9,4,4.8,5.7,LAB,BD,EN,TA
20067,CSCI,3308,14,DOERR,CHRISTIAN,7,4,100%,4,0,4.3,0.5,7-9,4,3.8,4.5,3.8,4.8,5.8,LAB,BD,EN,TA
20067,CSCI,3434,1,EHRENFEUCHT,ANDRZEJ,15,14,100%,3.8,1.6,4.5,1.2,0-3,3.6,4.2,3.9,4.2,3.7,6,COMPUTER SCIENCE THRY 1,BD,EN,TTT
20067,CSCI,3656,1,BYRD,RICHARD,13,9,100%,5,0.7,5.3,0.5,7-9,3.9,4.6,5.4,4.9,5.2,5.8,NUMERICAL COMP 1,BD,EN,TTT
20067,CSCI,3702,2,MOZER,MICHAEL,31,18,100%,4.8,1.2,5.2,0.9,7-9,4.2,5,5.2,5.5,5.1,5.9,COGNITIVE SCIENCE,BD,EN,TTT
20067,CSCI,3702,2,RUPERT,ROBERT,31,19,100%,4.8,1.2,5.3,0.9,7-9,4.1,5.1,5.4,5.5,5.1,5.9,COGNITIVE SCIENCE,BD,EN,TTT
20067,CSCI,4229,2,SCHREUDER,WILLEM,40,27,100%,5.3,0.9,5.4,0.8,7-9,4.8,5.3,5.2,4.2,5,5.8,COMPUTER GRAPHICS,BD,EN,OTH
20067,CSCI,4273,1,HAN,RICHARD,21,16,100%,5.3,0.7,5.3,0.9,10-12,4.6,5,5,5,5.4,5.9,NETWORK SYSTEMS,BD,EN,TTT
20067,CSCI,4308,10,SANDERS,BRUCE,49,36,94%,3.6,1.4,4.1,1.3,10-12,4,3.7,5.1,4.1,3.7,5.9,SOFTWARE ENG PROJECT 1,BD,EN,OTH
20067,CSCI,4308,12,BEACH,AARON,49,20,90%,3.7,1.5,2.8,1.5,10-12,4.1,2.9,2.4,3.7,3.8,5.6,RECITATION,BD,EN,TA
20067,CSCI,4308,12,SHIPLEY,KARIE,49,15,100%,3.6,1.5,3.4,1.4,10-12,4.2,3.3,4.3,3.7,3.8,5.7,RECITATION,BD,EN,TA
20067,CSCI,4448,1,SHERBA,SUSANNE,25,15,100%,4.1,1.2,4.4,1,7-9,4.4,4,5.1,3.7,4.1,5.7,OO ANALYSIS & DESIGN,BD,EN,OTH
20067,CSCI,4830,3,KING,ROGER,38,20,100%,4.9,1.1,4.9,1,4-6,5,5,5.3,3.4,4.8,5.7,SPECIAL TOPICS COMP SCI,BD,EN,TTT
20067,CSCI,4830,7,NUTT,GARY,4,3,100%,5.3,0.6,6,0,7-9,5,6,5.3,5.3,5.3,5.7,TPC-OP SYS SML COMPUTERS,BD,EN,TTT
20067,CSCI,4838,2,SUMNER,TAMARA,43,12,100%,4.2,1.5,4.6,1.2,10-12,4.3,4.7,4.5,4.5,4.3,5.7,USER INTERFACE DESIGN,BD,EN,TTT
20067,CSCI,4838,2,SIEK,KATIE,43,13,100%,4.2,1.4,4.1,1.8,10-12,4.2,4.1,4.5,4.4,4.3,5,USER INTERFACE DESIGN,BD,EN,TTT
20067,CSCI,5444,1,GOLDBERG,DEBRA,21,15,100%,2.9,1.9,3.1,1.7,10-12,4.1,3,3.7,4.8,3.3,5.7,INTRO TO THEORY OF COMP,BD,EN,TTT
20067,CSCI,5582,1,MARTIN,JAMES,26,25,100%,5.2,0.7,5.4,0.8,7-9,4.4,5.2,5.4,4.9,5.2,5.9,ARTIFICIAL INTELLIGENCE,BD,EN,TTT
20067,CSCI,5606,1,CAI,XIAO,15,11,100%,4.8,1,5.5,0.5,10-12,5.1,4.9,5.3,5,4.6,5.9,PRIN OF NUM COMPUTATION,BD,EN,TTT
20067,CSCI,5622,1,GRUDIC,GREGORY,24,21,100%,4.7,1.1,4.7,1.2,7-9,4.9,4.6,4.2,4.9,4.8,6,MACHINE LEARNING,BD,EN,TTT
20067,CSCI,6454,2,GABOW,HAROLD,7,5,100%,5.4,0.9,5.4,0.9,13-15,5,5.4,4.8,6,5.4,5.8,ADVANCED ALGORITHMS,BD,EN,TTT
20067,CSCI,6838,2,SUMNER,TAMARA,29,28,96%,4,1.6,4.5,1.5,10-12,4.2,4.4,4.7,3.9,4.1,5.8,USER INTERFACE DESIGN,BD,EN,TTT
20067,CSCI,6838,2,SIEK,KATIE,29,27,96%,4,1.5,4.6,1.2,10-12,4.3,4.4,4.9,3.9,4.1,5.7,USER INTERFACE DESIGN,BD,EN,TTT
20067,CSCI,7000,1,ELLIS,CLARENCE,3,3,100%,5.7,0.6,6,0,7-9,5,6,5,5,5.3,6,CURRENT TPCS IN COMP SCI,BD,EN,TTT
20067,CSCI,7000,3,KING,ROGER,11,0,,,,,,,,,,,,,CURRENT TPCS IN COMP SCI,BD,EN,TTT
20067,CSCI,7000,4,BLACK,JOHN,4,3,100%,5.7,0.6,5.7,0.6,7-9,4.7,5.7,5.7,5.3,5.7,5.7,TPC-CRYTPOGRAPHY,BD,EN,TTT
20067,CSCI,7143,2,HAN,RICHARD,6,6,100%,4.8,1.2,5,1.3,10-12,4.5,5.2,4.8,4.3,4.7,5.7,TPC-WIRELESS SNSR NETWKS,BD,EN,TTT
20067,CSCI,7212,1,COLE,RONALD,5,2,100%,6,0,5.5,0.7,4-6,4.5,6,6,5,5.5,6,TPCS - SYMBOLIC AI,BD,EN,OTH
20067,CSCI,7717,1,KING,ROGER,4,4,100%,5,0.8,5.3,1,7-9,4.3,5.3,5.5,4.3,4.8,6,TOPICS IN DATABASE SYS,BD,EN,TTT
20067,CSCI,7772,800,PALMER,MARTHA,1,0,,,,,,,,,,,,,TPCS-COGNITIVE SCIENCE,BD,EN,TTT
20067,CSCI,7818,1,ANDERSON,KENNETH,10,8,100%,4.9,0.6,5.4,0.5,7-9,4.6,5.4,5.6,4.5,4.8,5.7,TPCS/SOFTWARE ENGINEER,BD,EN,TTT
20067,CSCI,7818,1,HEIMBIGNER,DM,10,8,100%,5.1,0.8,5.1,1,7-9,4.6,4.9,5.5,4.6,4.6,5.6,TPCS/SOFTWARE ENGINEER,BD,EN,OTH
